Locus tag,Locus,log_fc,pvalue
Rv3290c,lat,-3.4784561564159486,0.0003
Rv3579c,,-1.8617598558274686,0.0016
Rv3472,,-1.7828446965517928,0.049
Rv3297,nei,-1.7741420593621824,0.0085
Rv3036c,TB22.2,-1.541880600366856,0.0103
Rv1623c,cydA,-1.3897413942277221,0.3234
Rv0097,,-1.3396510832326833,0.0336
Rv0108c,,-1.2842310740829512,0.009
Rv2911,dacB2,-1.2287091322902726,0.0025
Rv0125,pepA,-1.2077488228333977,0.0013
Rv1980c,mpt64,-1.1790906646605988,0.0283
Rv1860,apa,-1.1780412021105011,0.0091
Rv3407,vapB47,-1.1310036123638914,0.013
Rv0099,fadD10,-1.0890135858159355,0.0026
Rv0806c,cpsY,-1.0824146607619507,0.0435
Rv1887,,-1.0661854524298726,0.0893
Rv1208,gpgS,-1.0599107524527656,0.1745
Rv1176c,,-1.0559843819071386,0.12
Rv0760c,,-1.0519814991280754,0.0072
Rv0055,rpsR1,-1.048966435091195,0.0096
Rv1815,,-1.0479729846078638,0.1222
Rv1096,,-1.0345115700172332,0.0032
Rv2524c,fas,-1.019037638597212,0.0515
Rv0697,,-0.9982712791873094,0.0017
Rv3616c,espA,-0.9953808659686655,0.0339
Rv1701,,-0.9784964934383126,0.0018
Rv1844c,gnd1,-0.9765987816809799,0.0057
Rv2242,,-0.9712002059875915,0.0004
Rv2715,,-0.96890597386691,0.0215
Rv0166,fadD5,-0.9621416565345516,0.0165
Rv1943c,mazE5,-0.9467820037594086,0.558
Rv3633,,-0.9328457204528012,0.0158
Rv2975a,,-0.9322785983467469,0.2233
Rv0696,,-0.9320866783655261,0.04
Rv2359,zur,-0.9250488418910656,0.0535
Rv3736,,-0.9144429775233096,0.0036
Rv2335,cysE,-0.9044631061805555,0.0215
Rv0814c,,-0.9002214974567905,0.0071
Rv3118,,-0.9002214974567905,0.0071
Rv1153c,omt,-0.8919033162172793,0.0695
Rv0118c,oxcA,-0.8831966126007919,0.061
Rv1540,,-0.8730155435545602,0.0161
Rv1393c,,-0.872627935041757,0.0107
Rv3785,,-0.8654540018397974,0.1168
Rv3049c,,-0.859489672885022,0.0621
Rv0458,,-0.8588189614969182,0.0036
Rv1963c,mce3R,-0.8572089640611096,0.0892
Rv0073,,-0.8287620936249958,0.1281
Rv0690c,,-0.8179117196753382,0.019
Rv1601,hisB,-0.8064995149287981,0.3919
Rv3059,cyp136,-0.8018541248509335,0.0342
Rv0785,,-0.7929226010633487,0.0816
Rv0220,lipC,-0.7910162527107798,0.0233
Rv1395,,-0.7909731374197766,0.0103
Rv3087,,-0.7880931527644787,0.0531
Rv3403c,,-0.7742864806783555,0.0468
Rv3597c,lsr2,-0.7731427817909089,0.0765
Rv1923,lipD,-0.7729899612751722,0.0087
Rv0069c,sdaA,-0.7701913202396767,0.0254
Rv1647,,-0.7665716781836996,0.6006
Rv2864c,,-0.7653843209391142,0.0113
Rv0275c,,-0.7627197977348662,0.0545
Rv2820c,,-0.762569770011068,0.0561
Rv0941c,,-0.7611676739881563,0.1374
Rv2231c,cobC,-0.7611603244495085,0.0029
Rv0561c,,-0.7580351591535652,0.1846
Rv2391,sirA,-0.7579824504912732,0.0105
Rv1425,,-0.7564576539446625,0.0504
Rv2632c,,-0.7542056396148226,0.1528
Rv2392,cysH,-0.7492485485613282,0.0192
Rv2247,accD6,-0.7423457476953573,0.0304
Rv2884,,-0.7411293191697663,0.0462
Rv0695,,-0.740162310222657,0.0142
Rv1426c,lipO,-0.7348353850402186,0.0684
Rv2821c,,-0.7323137076128111,0.0508
Rv1187,rocA,-0.732238659260278,0.0579
Rv0485,,-0.7298303534410864,0.0012
Rv0864,moaC2,-0.7269040179659618,0.0343
Rv1886c,fbpB,-0.724491065536748,0.0502
Rv2637,dedA,-0.7219814115028191,0.37
Rv0761c,adhB,-0.7148673350777012,0.001
Rv0865,mog,-0.7127134416208737,0.2598
Rv1398c,vapB10,-0.7000722064877603,0.2275
Rv2610c,pimA,-0.6947847450626191,0.0232
Rv1094,desA2,-0.6929880149557514,0.0237
Rv0824c,desA1,-0.6922679458544754,0.0102
Rv1230c,,-0.6898875371423656,0.177
Rv2218,lipA,-0.6883376872205665,0.0056
Rv2824c,,-0.687575672693811,0.0089
Rv0101,nrp,-0.6832868278770956,0.0416
Rv2483c,plsC,-0.6796698251116652,0.113
Rv0886,fprB,-0.6757799838299327,0.0133
Rv2529,,-0.6752175451647541,0.0069
Rv1679,fadE16,-0.6677161040593829,0.0013
Rv1590,,-0.6659311822041214,0.0508
Rv0655,mkl,-0.6617628549264983,0.0526
Rv1167c,,-0.6586970441561892,0.0327
Rv2782c,pepR,-0.6564529559959426,0.0386
Rv1589,bioB,-0.6502133251759488,0.0084
Rv3211,rhlE,-0.6496254204174546,0.017
Rv0046c,ino1,-0.6467569559753921,0.0279
Rv2397c,cysA1,-0.6460475446503955,0.0373
Rv2244,acpM,-0.6458929357963976,0.0162
Rv0567,,-0.6447001836552317,0.0271
Rv1256c,cyp130,-0.6435143641992727,0.0132
Rv1920,,-0.6416233575712273,0.1572
Rv1904,,-0.6402357692079415,0.1948
Rv3164c,moxR3,-0.6396652414007925,0.016
Rv0493c,,-0.638395175857605,0.0092
Rv1420,uvrC,-0.6356887337462795,0.1533
Rv1253,deaD,-0.6324834961374797,0.0159
Rv1188,,-0.631706524987775,0.1563
Rv3275c,purE,-0.6298205185801048,0.3657
Rv3299c,atsB,-0.6276943705438689,0.0074
Rv1198,esxL,-0.6264683004714703,0.16
Rv1673c,,-0.6216185881534437,0.0011
Rv2002,fabG3,-0.6215397741973068,0.0003
Rv1117,,-0.6188652301741973,0.0202
Rv3306c,amiB1,-0.6182446448816581,0.0336
Rv2916c,ffh,-0.6145576764237392,0.143
Rv2368c,phoH1,-0.6124815342682304,0.0276
Rv0034,,-0.6120809505659083,0.0314
Rv0221,,-0.6098964236223515,0.0197
Rv0131c,fadE1,-0.6095981219687122,0.0883
Rv1586c,,-0.6086851056880171,0.1342
Rv1010,ksgA,-0.6055392080683654,0.0632
Rv0979A,rpmF,-0.6034495026344009,0.519
Rv1770,,-0.6022618242007151,0.03
Rv1838c,vapC13,-0.60220140847896,0.1069
Rv3024c,trmU,-0.6015336940083579,0.0386
Rv3683,,-0.6003796957304681,0.0859
Rv3329,,-0.5996219710801556,0.0016
Rv0887c,,-0.5986243256030487,0.1425
Rv0914c,,-0.5972575896717984,0.0283
Rv3249c,,-0.5945605227241266,0.0622
Rv1194c,,-0.5919579744684269,0.03
Rv2737c,recA,-0.5904141168462554,0.0395
Rv2530c,vapC39,-0.5849322745861629,0.2656
Rv2001,,-0.5830962832749117,0.051
Rv3169,,-0.5825521847161438,0.0111
Rv3361c,,-0.580537789147123,0.1128
Rv1141c,echA11,-0.574455509385234,0.0048
Rv1927,,-0.5737907579868391,0.0521
Rv2161c,,-0.5733480798598621,0.0567
Rv3841,bfrB,-0.5732146010440127,0.0042
Rv2827c,,-0.5717740632316572,0.0079
Rv3255c,manA,-0.5700982862210385,0.0683
Rv2818c,,-0.5655195517032336,0.044
Rv3198c,uvrD2,-0.5639808571201709,0.0305
Rv3648c,cspA,-0.559494992775564,0.0293
Rv2682c,dxs1,-0.557544376352962,0.1182
Rv2258c,,-0.5569332910867989,0.0286
Rv1018c,glmU,-0.5564575261341436,0.0037
Rv2064,cobG,-0.5541337580023917,0.1047
Rv3726,,-0.5540095116188183,0.0405
Rv0553,menC,-0.5539466196754665,0.1314
Rv3121,cyp141,-0.5532387906769598,0.0942
Rv3391,acrA1,-0.5493621451803071,0.1369
Rv1284,canA,-0.5483052882248496,0.0025
Rv2611c,,-0.5391684196920741,0.0343
Rv0913c,,-0.5383242137528423,0.0571
Rv0823c,,-0.5377259676132757,0.019
Rv0707,rpsC,-0.5371731216165124,0.0263
Rv1397c,vapC10,-0.5338372895764414,0.2135
Rv2926c,,-0.532880891154887,0.1762
Rv3188,,-0.5318865656490165,0.0152
Rv2284,lipM,-0.5313927422334748,0.1175
Rv3341,metA,-0.5305319122992451,0.2675
Rv2381c,mbtD,-0.5298527225204545,0.5539
Rv2522c,,-0.5285133327777842,0.0648
Rv0003,recF,-0.5274336849053443,0.012
Rv0029,,-0.5260513425149427,0.1072
Rv3143,,-0.5233032499838451,0.0783
Rv0852,,-0.5211392762391905,0.0444
Rv2674,msrB,-0.5207437761625724,0.0521
Rv2694c,,-0.5203350481583178,0.0056
Rv0216,,-0.5197222692482959,0.0272
Rv1981c,nrdF1,-0.5184711022955871,0.2405
Rv3561,fadD3,-0.5172589493734587,0.0203
Rv0501,galE2,-0.5165734403359947,0.0632
Rv2471,aglA,-0.5155811552423673,0.1681
Rv1335,cysO,-0.5128154640057465,0.1495
Rv1114,vapC32,-0.5118529341201717,0.3895
Rv1160,mutT2,-0.5112831882033835,0.0247
Rv1285,cysD,-0.5099778031306353,0.0712
Rv2302,,-0.5099223102139604,0.0396
Rv0767c,,-0.5095183667386051,0.0255
Rv2090,,-0.5092594603276168,0.0697
Rv1774,,-0.5080225542718008,0.0088
Rv1847,,-0.5080017958881465,0.2829
Rv0053,rpsF,-0.5074462265746644,0.0628
Rv2565,,-0.507234219912344,0.0241
Rv3272,,-0.504873460804416,0.0345
Rv2045c,lipT,-0.5048426580841124,0.0181
Rv1400c,lipI,-0.5018710742170456,0.117
Rv2400c,subI,-0.5017482810769591,0.034
Rv3148,nuoD,-0.5012017903325181,0.0127
Rv2423,,-0.4994783793059262,0.0894
Rv0688,,-0.49755762716567337,0.0659
Rv0511,hemD,-0.49505417302811044,0.2234
Rv0564c,gpdA1,-0.4931326764918237,0.012
Rv1767,,-0.4931052167995127,0.0153
Rv0516c,,-0.49174415909658603,0.2571
Rv3564,fadE33,-0.49021273106609,0.0234
Rv0331,,-0.4888589799035455,0.0852
Rv3441c,mrsA,-0.4873816273582997,0.0388
Rv2583c,relA,-0.48737176598054494,0.0225
Rv0808,purF,-0.48643338482067716,0.004
Rv0552,,-0.48619993646469795,0.0487
Rv1267c,embR,-0.48501067163953476,0.0074
Rv3315c,cdd,-0.48020384614425626,0.0564
Rv2217,lipB,-0.47980472896422766,0.0427
Rv0885,,-0.4795527489166035,0.0784
Rv1862,adhA,-0.47862004238364175,0.0557
Rv0893c,,-0.47783041836885126,0.4594
Rv3421c,,-0.4775784718801627,0.1088
Rv0272c,,-0.47651662577866005,0.1175
Rv0189c,ilvD,-0.47622956691735857,0.0197
Rv0423c,thiC,-0.4762214439729011,0.0017
Rv0910,,-0.47606130303731986,0.0916
Rv2228c,,-0.4750554930720342,0.0493
Rv2890c,rpsB,-0.474530895067874,0.0693
Rv1259,udgB,-0.47423227179159555,0.0554
Rv1033c,trcR,-0.4739523444238087,0.053
Rv0002,dnaN,-0.47349291068425226,0.0844
Rv3147,nuoC,-0.4734030227291269,0.0529
Rv0778,cyp126,-0.4722159819090751,0.1078
Rv2000,,-0.4685274469422359,0.0371
Rv0993,galU,-0.4675920158902104,0.0785
Rv0714,rplN,-0.467250244083966,0.113
Rv2482c,plsB2,-0.46368920024482135,0.0606
Rv3372,otsB2,-0.46088393971717256,0.0473
Rv2842c,,-0.4587489627383626,0.3592
Rv3179,,-0.4567367516644747,0.1021
Rv3225c,,-0.4563641067161923,0.03
Rv3908,mutT4,-0.45600688435543657,0.0628
Rv0694,,-0.4559029904119966,0.0687
Rv0792c,,-0.4556494297715093,0.3499
Rv2112c,dop,-0.4544245975737896,0.0215
Rv3150,nuoF,-0.45418977077906825,0.0656
Rv3586,,-0.451471625649793,0.1008
Rv0070c,glyA2,-0.4506638861411184,0.0315
Rv2334,cysK1,-0.45020225577550627,0.0994
Rv1569,bioF1,-0.4494268701612281,0.1215
Rv2141c,,-0.4484249311764162,0.0039
Rv1694,tlyA,-0.4475355665300958,0.1236
Rv2494,vapC38,-0.4475126460178665,0.2448
Rv1710,scpB,-0.44751192820084645,0.0266
Rv1599,hisD,-0.44710197733046014,0.0696
Rv3674c,nth,-0.443961346124522,0.0346
Rv2156c,murX,-0.4437059599401757,0.1395
Rv1423,whiA,-0.44344579441054527,0.0293
Rv3231c,,-0.44157422705819477,0.3301
Rv0120c,fusA2,-0.4405626043307698,0.0126
Rv2426c,,-0.4384617640049395,0.0006
Rv3303c,lpdA,-0.43809974335306695,0.0309
Rv2629,,-0.4359882820461426,0.0372
Rv2592c,ruvB,-0.4358495720256669,0.1468
Rv0107c,ctpI,-0.43500821872289847,0.2374
Rv2860c,glnA4,-0.4347460099833741,0.0192
Rv3237c,,-0.43376610069141003,0.2444
Rv0217c,lipW,-0.4332444176950978,0.1438
Rv0470c,pcaA,-0.4322149322445894,0.0001
Rv0289,espG3,-0.431940852736882,0.0509
Rv2246,kasB,-0.43189751649251706,0.1005
Rv3213c,,-0.43174044854590227,0.1209
Rv3480c,,-0.4303517109432539,0.1525
Rv2187,fadD15,-0.43008732287239015,0.0226
Rv2102,,-0.4298130703217893,0.1347
Rv3308,pmmB,-0.4294954049114254,0.0972
Rv2559c,,-0.4254920240786081,0.1113
Rv3075c,,-0.4253421480357624,0.039
Rv3399,,-0.4252461496954952,0.0042
Rv2441c,rpmA,-0.4246498524331539,0.2127
Rv0925c,,-0.4244443435339381,0.0287
Rv1713,engA,-0.42429343187115426,0.035
Rv3058c,,-0.4236833305452421,0.139
Rv3241c,,-0.4231341455768586,0.3141
Rv2442c,rplU,-0.42312634338593974,0.2885
Rv0264c,,-0.4228479908005981,0.1235
Rv3168,,-0.4203584164403047,0.0315
Rv2756c,hsdM,-0.4200507007507531,0.0043
Rv1196,PPE18,-0.4195947663356349,0.384
Rv1361c,PPE19,-0.4195947663356349,0.384
Rv2440c,obg,-0.4195937426290807,0.0329
Rv2173,idsA2,-0.41914629557984145,0.1312
Rv1269c,,-0.418986781292016,0.3354
Rv2237,,-0.417350707110315,0.2651
Rv1288,,-0.4169065167944925,0.1249
Rv3377c,,-0.4166600370039569,0.0202
Rv3208,,-0.4162976212369308,0.0229
Rv3375,amiD,-0.41507998334147805,0.0364
Rv3240c,secA1,-0.41504286359743375,0.3618
Rv0068,,-0.4142204358405859,0.0176
Rv3875,esxA,-0.41341381494514934,0.2593
Rv3220c,,-0.4124495901726006,0.0005
Rv1632c,,-0.41140743149652126,0.3888
Rv3711c,dnaQ,-0.41139539579103546,0.2723
Rv2210c,ilvE,-0.41128571754886734,0.0344
Rv3259,,-0.41094672570629426,0.3167
Rv2454c,,-0.41085872672889406,0.0698
Rv3003c,ilvB1,-0.4103314467371719,0.0257
Rv3153,nuoI,-0.4100412303577013,0.1381
Rv3149,nuoE,-0.4099944425047253,0.0778
Rv2027c,dosT,-0.40920122515536517,0.0121
Rv0670,end,-0.40832781808638297,0.0942
Rv2404c,lepA,-0.4059643772258795,0.11
Rv1333,,-0.40576781963064223,0.1052
Rv2826c,,-0.4057550398490236,0.0208
Rv2342,,-0.40555885956042464,0.3477
Rv0644c,mmaA2,-0.4046125198597528,0.0176
Rv1531,,-0.40319107827366935,0.0718
Rv1745c,idi,-0.4027576957956683,0.1338
Rv0509,hemA,-0.40090190109741547,0.0524
Rv0459,,-0.3991599529463803,0.3993
Rv3545c,cyp125,-0.39782410926890566,0.0629
Rv0839,,-0.3972442769210199,0.6337
Rv0023,,-0.3965819499038996,0.0266
Rv1665,pks11,-0.39632803236048897,0.0119
Rv3146,nuoB,-0.3962679602452982,0.0463
Rv0147,,-0.3955949099429838,0.1319
Rv1900c,lipJ,-0.3952265139977219,0.029
Rv0130,htdZ,-0.3932483396103151,0.393
Rv0035,fadD34,-0.3932164045901431,0.1369
Rv2190c,,-0.3931281401663743,0.334
Rv2733c,,-0.3916748537958716,0.2858
Rv3731,ligC,-0.39160968496234394,0.1404
Rv2794c,pptT,-0.39144202003964484,0.1016
Rv1593c,,-0.3907758917455169,0.2126
Rv0062,celA1,-0.38751283409164633,0.082
Rv3550,echA20,-0.3874141846185089,0.0026
Rv1530,adh,-0.38735592523046136,0.0243
Rv1232c,,-0.38662117251598627,0.0247
Rv0722,rpmD,-0.38617300050009723,0.167
Rv1692,,-0.3855231818450164,0.2578
Rv3286c,sigF,-0.3849263265844429,0.394
Rv2026c,,-0.3839619203580616,0.0656
Rv1816,,-0.3839608685705107,0.1612
Rv2245,kasA,-0.38298096030150863,0.0691
Rv3292,,-0.3828551432944475,0.0614
Rv3269,,-0.38273115673645425,0.1925
Rv0801,,-0.3826015712482732,0.0875
Rv0214,fadD4,-0.3819329103075527,0.0035
Rv2282c,,-0.3793243554269655,0.2111
Rv3917c,parB,-0.37763392408392815,0.0788
Rv2484c,,-0.37750850503042643,0.2518
Rv3552,,-0.37727757284566,0.1636
Rv1912c,fadB5,-0.37637593872995123,0.2687
Rv2263,,-0.37438642868439703,0.1821
Rv2982c,gpdA2,-0.3739932634439926,0.0444
Rv1229c,mrp,-0.3739739521191646,0.0924
Rv1660,pks10,-0.37334314034051597,0.1686
Rv0386,,-0.372467171156011,0.0166
Rv3032,,-0.3719910737401775,0.3075
Rv3560c,fadE30,-0.37044505401564204,0.1537
Rv0077c,,-0.3693291439453098,0.0314
Rv0926c,,-0.36911530744006465,0.0338
Rv2305,,-0.3688486959245353,0.076
Rv1315,murA,-0.36882601617028377,0.048
Rv3314c,deoA,-0.368776782240071,0.1618
Rv2670c,,-0.36795550146780304,0.0636
Rv0413,mutT3,-0.36748267807184687,0.042
Rv0232,,-0.36500932437634676,0.1606
Rv2717c,,-0.3634798923479999,0.4189
Rv2285,,-0.36285419595636376,0.1044
Rv2713,sthA,-0.36282564811720436,0.0084
Rv1543,,-0.36241413679345585,0.1703
Rv3624c,hpt,-0.36227606999652046,0.0496
Rv0787A,,-0.36191869818183287,0.3226
Rv2406c,,-0.3615144164309032,0.3204
Rv0269c,,-0.3614521308768427,0.338
Rv2503c,scoB,-0.36127408874654743,0.1068
Rv3342,,-0.3606575210402031,0.1036
Rv3809c,glf,-0.36039589468150507,0.1023
Rv3302c,glpD2,-0.3587945980803738,0.1054
Rv3458c,rpsD,-0.35763565123592944,0.1456
Rv0703,rplW,-0.35748993698288156,0.2938
Rv1058,fadD14,-0.35599156276865973,0.0329
Rv1521,fadD25,-0.35457823291201457,0.0029
Rv0820,phoT,-0.3536672614032833,0.2013
Rv3874,esxB,-0.352771929037442,0.1207
Rv0721,rpsE,-0.3520428602784084,0.3848
Rv2361c,,-0.3505093646328935,0.2959
Rv3086,adhD,-0.3504302215395371,0.0767
Rv0486,mshA,-0.35037086569911974,0.0207
Rv1294,thrA,-0.3502209412170048,0.006
Rv0001,dnaA,-0.34985487392815867,0.006
Rv2581c,,-0.3488842444394558,0.138
Rv0390,,-0.34813486348035094,0.1357
Rv3761c,fadE36,-0.34745918517828805,0.1329
Rv1699,pyrG,-0.34584508159949384,0.0015
Rv3206c,moeB1,-0.34576958461400853,0.1305
Rv3301c,phoY1,-0.34435693744842244,0.0431
Rv3232c,ppk2,-0.34369261175615645,0.446
Rv1381,pyrC,-0.3408910225936539,0.0901
Rv2405,,-0.3406949463111143,0.077
Rv1655,argD,-0.3403008296144311,0.1515
Rv2902c,rnhB,-0.3398220376117665,0.1025
Rv1473,,-0.33970737132118484,0.0921
Rv3826,fadD23,-0.33969161459116076,0.018
Rv1191,,-0.33934301612643236,0.1895
Rv3384c,vapC46,-0.3392452043123044,0.3723
Rv0700,rpsJ,-0.3383733240210874,0.061
Rv0379,secE2,-0.3377358647458949,0.0322
Rv3734c,tgs2,-0.3376606425295,0.1448
Rv3651,,-0.3372367909779013,0.2605
Rv3786c,,-0.336887102392462,0.0442
Rv0923c,,-0.33633704368647477,0.1053
Rv0743c,,-0.3359773646007685,0.0755
Rv3270,ctpC,-0.3355564043417652,0.1676
Rv3820c,papA2,-0.3355011453167343,0.0325
Rv3392c,cmaA1,-0.334461132695384,0.0072
Rv2954c,,-0.33395081805976334,0.06
Rv2506,,-0.33364510894976385,0.3291
Rv1751,,-0.332341386114933,0.0716
Rv1998c,,-0.3322084689967877,0.0586
Rv0198c,zmp1,-0.3317864605337036,0.0564
Rv0571c,,-0.3308343485061743,0.0381
Rv1496,,-0.3289594665003125,0.1337
Rv2466c,,-0.3278820075320734,0.3159
Rv2286c,,-0.3278820075320734,0.3159
Rv2192c,trpD,-0.3274737673116598,0.0559
Rv3076,,-0.32680276237462746,0.2813
Rv2402,,-0.32588820311364247,0.006
Rv3151,nuoG,-0.3257170929115464,0.0737
Rv0613c,,-0.3252042393446001,0.0033
Rv2291,sseB,-0.3252006848967486,0.133
Rv3120,,-0.3249265170794759,0.1027
Rv0405,pks6,-0.3248055902094977,0.037
Rv1661,pks7,-0.3238443103507787,0.1149
Rv2500c,fadE19,-0.32310395116328744,0.153
Rv0230c,php,-0.3228278669207435,0.0369
Rv0896,gltA2,-0.3227931513659882,0.1442
Rv3376,,-0.3223227538068311,0.0165
Rv1399c,nlhH,-0.3223047565568489,0.2684
Rv1124,ephC,-0.32143203933242986,0.1101
Rv0815c,cysA2,-0.32067600653380607,0.2199
Rv3117,cysA3,-0.32067600653380607,0.2199
Rv3881c,espB,-0.31993648504276095,0.0986
Rv2609c,,-0.3197184221611844,0.1989
Rv3803c,fbpD,-0.31937747225048735,0.1139
Rv3328c,sigJ,-0.31912988586026797,0.1882
Rv1317c,alkA,-0.3172588131957626,0.1222
Rv0642c,mmaA4,-0.3164056875783371,0.0616
Rv0243,fadA2,-0.31551415808854977,0.0602
Rv3411c,guaB2,-0.3153990433829475,0.0509
Rv2764c,thyA,-0.31484685857003997,0.2877
Rv0117,oxyS,-0.31383797796502566,0.0143
Rv2150c,ftsZ,-0.3129947057434204,0.1899
Rv1427c,fadD12,-0.3125777087794854,0.1609
Rv1279,,-0.31188806978470746,0.0385
Rv1095,phoH2,-0.31181767362327223,0.1882
Rv1731,gabD2,-0.3109534770568046,0.142
Rv1866,,-0.3109093966604372,0.0023
Rv1321,,-0.310658796157605,0.1371
Rv3562,fadE31,-0.3106095013915429,0.2372
Rv1659,argH,-0.31053970030087064,0.0281
Rv1251c,,-0.31007838219664385,0.1246
Rv3574,kstR,-0.308926302589414,0.1578
Rv3276c,purK,-0.30866524833126957,0.0677
Rv1993c,,-0.3084610375075575,0.2551
Rv0752c,fadE9,-0.3084340377682645,0.1262
Rv0287,esxG,-0.3075032141406141,0.4877
Rv0669c,,-0.30743815503949545,0.1698
Rv0940c,,-0.3067155337907512,0.0241
Rv1493,mutB,-0.3061644154336256,0.0166
Rv1001,arcA,-0.30611452809429723,0.0705
Rv1680,,-0.30573923292096145,0.0365
Rv2894c,xerC,-0.3056658396996831,0.2917
Rv0635,hadA,-0.3053737508632245,0.016
Rv1235,lpqY,-0.3050327721661702,0.1668
Rv2101,helZ,-0.30501732852950114,0.2163
Rv1121,zwf1,-0.3032837368844151,0.1267
Rv1110,lytB2,-0.3032230586409109,0.2023
Rv2243,fabD,-0.3031866902505383,0.105
Rv2908c,,-0.30298994769365495,0.203
Rv1255c,,-0.3027794693167177,0.1915
Rv1161,narG,-0.30238645591060875,0.1713
Rv3455c,truA,-0.30236778793618124,0.1744
Rv3661,,-0.3020411534489272,0.1274
Rv3720,,-0.30182251970391116,0.1896
Rv2988c,leuC,-0.3013712865814202,0.3741
Rv0419,lpqM,-0.3011090935477101,0.3314
Rv3254,,-0.300192955224006,0.3701
Rv0772,purD,-0.2999912819404474,0.1266
Rv1142c,echA10,-0.29935960141849727,0.1254
Rv0995,rimJ,-0.2991514922860818,0.2465
Rv2509,,-0.2991161552244437,0.193
Rv2111c,pup,-0.2986105236595391,0.1522
Rv3256c,,-0.2984091854534787,0.1642
Rv0347,,-0.29789599635033304,0.0033
Rv3775,lipE,-0.2975542456814256,0.0641
Rv2276,cyp121,-0.29709298072642903,0.3265
Rv1556,,-0.2966779642278941,0.1592
Rv3573c,fadE34,-0.2962017114917598,0.0106
Rv3196A,,-0.2960189200058674,0.3834
Rv1730c,,-0.2953588328747188,0.255
Rv3575c,,-0.2953096244620939,0.1212
Rv3119,moaE1,-0.29501865936485405,0.0729
Rv1286,,-0.2945105356042799,0.0151
Rv1310,atpD,-0.29412079915673495,0.1444
Rv1728c,,-0.2940324431465935,0.3924
Rv3677c,,-0.2932240428852717,0.3154
Rv2155c,murD,-0.2928424538742618,0.0224
Rv1978,,-0.2926666466348477,0.1016
Rv3293,pcd,-0.2911275874856062,0.0304
Rv2065,cobH,-0.2911198985292856,0.1787
Rv0430,,-0.2907629530191248,0.3355
Rv2870c,dxr,-0.290698972478695,0.2398
Rv3057c,,-0.2904225923919724,0.2399
Rv0734,mapA,-0.28989916874712424,0.1102
Rv1429,,-0.2886308601612508,0.0809
Rv1008,tatD,-0.2876846236089436,0.0683
Rv1242,vapC33,-0.28698290282318173,0.0043
Rv0465c,,-0.2866343266074364,0.2031
Rv1108c,xseA,-0.2865073376250872,0.0151
Rv2082,,-0.28606600748556504,0.1553
Rv3489,,-0.28599555427710427,0.2229
Rv3614c,espD,-0.285723496053891,0.1339
Rv1562c,treZ,-0.2850765232718223,0.2094
Rv3915,,-0.2850423538218971,0.2517
Rv1990c,,-0.28450130839003057,0.1876
Rv2447c,folC,-0.2844073736430395,0.1485
Rv2175c,,-0.28385489519393825,0.2312
Rv0006,gyrA,-0.2834450765112625,0.2892
Rv3502c,,-0.2831034370295829,0.2661
Rv2714,,-0.2828648705238049,0.1974
Rv1869c,,-0.2827539486930374,0.1971
Rv2795c,,-0.28268223753527516,0.0745
Rv2289,cdh,-0.2826814776439143,0.4305
Rv2667,clpC2,-0.2819390941507168,0.2137
Rv2097c,pafA,-0.28152691491745296,0.0536
Rv3089,fadD13,-0.2810424181669226,0.0037
Rv3223c,sigH,-0.2801640929021587,0.1562
Rv1750c,fadD1,-0.28000651986776814,0.0025
Rv3565,aspB,-0.2796897725692363,0.0592
Rv1652,argC,-0.27947381724487175,0.226
Rv2989,,-0.2784722608592424,0.3917
Rv3042c,serB2,-0.27817188389357284,0.2396
Rv0271c,fadE6,-0.27798330272336974,0.0074
Rv2420c,,-0.2776089367281244,0.0513
Rv3257c,pmmA,-0.2770748918306213,0.2301
Rv0231,fadE4,-0.27683100541587596,0.0064
Rv0149,,-0.2766727234302309,0.0772
Rv3853,rraA,-0.2760655561298567,0.0453
Rv1872c,lldD2,-0.27602532899891236,0.2162
Rv1213,glgC,-0.2743364493471857,0.0999
Rv3079c,,-0.27428186217877304,0.0331
Rv3594,,-0.2734849471253528,0.4832
Rv3762c,,-0.2726871664894669,0.0188
Rv3543c,fadE29,-0.27133736504702505,0.251
Rv0502,,-0.2710365902102668,0.3123
Rv1178,,-0.2689533535821825,0.2575
Rv2225,panB,-0.2683963787204243,0.0845
Rv2780,ald,-0.2683284355451882,0.0054
Rv0825c,,-0.2672189783143414,0.2977
Rv0799c,,-0.26696967795914206,0.1332
Rv1823,,-0.2668220841474627,0.5118
Rv3504,fadE26,-0.2667044688989321,0.2959
Rv3587c,,-0.2666718904753574,0.3041
Rv1366,,-0.2665527772627793,0.3974
Rv3772,hisC2,-0.26618182566747506,0.2224
Rv1501,,-0.2651289139404307,0.0319
Rv2802c,,-0.26438310274091437,0.1593
Rv0565c,,-0.2638690212273318,0.0691
Rv2837c,,-0.2638376224809323,0.2277
Rv2681,,-0.2631422850928988,0.0335
Rv1524,,-0.26284632226128457,0.0733
Rv0140,,-0.2627703193421949,0.2756
Rv2152c,murC,-0.2623669644200672,0.0107
Rv1709,scpA,-0.26216583135821925,0.0208
Rv3808c,glfT2,-0.2613198371881962,0.283
Rv0462,lpdC,-0.26066119176318336,0.0976
Rv1409,ribG,-0.2606460068098978,0.1888
Rv3526,kshA,-0.2604726634902322,0.3472
Rv2303c,,-0.2593085142609514,0.0989
Rv0038,,-0.25907711541593037,0.2799
Rv3091,,-0.2587925859975015,0.0112
Rv1098c,fum,-0.25873604781909987,0.1862
Rv3132c,devS,-0.25805367586101785,0.2654
Rv3695,,-0.25791381589316975,0.5611
Rv2071c,cobM,-0.2575717405476487,0.0522
Rv2475c,,-0.2574221109996897,0.2248
Rv2476c,gdh,-0.2570713550491999,0.0082
Rv0161,,-0.2570137560083933,0.1209
Rv2096c,pafB,-0.2569414349840585,0.2623
Rv1658,argG,-0.25548127123832576,0.2511
Rv2607,pdxH,-0.25511282631381166,0.1092
Rv2859c,,-0.2548597074929459,0.2486
Rv3305c,amiA1,-0.25348489845038347,0.1197
Rv2623,TB31.7,-0.2525339394582386,0.4444
Rv3685c,cyp137,-0.2523088050470304,0.2117
Rv1462,,-0.2512978606954961,0.1548
Rv0998,,-0.2512318215795694,0.1885
Rv3116,moeB2,-0.25115657209654346,0.506
Rv0500A,,-0.2509899552710795,0.5634
Rv1908c,katG,-0.2507158768170646,0.1257
Rv3005c,,-0.25043590053575926,0.5976
Rv3396c,guaA,-0.25030386394444976,0.0337
Rv3044,fecB,-0.24856388871691135,0.3564
Rv0704,rplB,-0.2485599712014967,0.4134
Rv2720,lexA,-0.24850596607157263,0.0154
Rv2455c,,-0.24815448876804688,0.0333
Rv0045c,,-0.24778212476886963,0.0981
Rv0937c,mku,-0.2477010409018184,0.111
Rv0491,regX3,-0.24717973852100475,0.5235
Rv2915c,,-0.24717485914586945,0.3217
Rv1059,,-0.2468869030614064,0.0921
Rv2457c,clpX,-0.24561356247707164,0.2439
Rv1600,hisC1,-0.24555079311699463,0.1601
Rv0812,,-0.24508872351230176,0.2805
Rv0237,lpqI,-0.24402368067052166,0.3261
Rv3215,entC,-0.24351490935504738,0.2475
Rv1695,ppnK,-0.2434437435322171,0.3073
Rv2364c,era,-0.2419879136628602,0.1485
Rv3167c,,-0.2415955815438836,0.3221
Rv2062c,cobN,-0.24159326758124752,0.1423
Rv3712,,-0.24157396434975878,0.3502
Rv2343c,dnaG,-0.23981460415553071,0.0119
Rv1383,carA,-0.239727916631804,0.226
Rv2129c,,-0.2388672105729359,0.2561
Rv1631,coaE,-0.23741153452667227,0.2532
Rv1215c,,-0.23738193235322871,0.3109
Rv1633,uvrB,-0.237285709560953,0.0419
Rv0542c,menE,-0.2369804292328471,0.1922
Rv0890c,,-0.2368836727085195,0.5888
Rv3287c,rsbW,-0.23682279961852123,0.3441
Rv1641,infC,-0.23648805633532413,0.4416
Rv1627c,,-0.23525888741005643,0.1895
Rv3157,nuoM,-0.23446244740786967,0.8704
Rv1245c,,-0.2336918304778132,0.2608
Rv0938,ligD,-0.23342270398381765,0.3077
Rv0212c,nadR,-0.23304314080416427,0.2863
Rv1516c,,-0.2327087452478092,0.2687
Rv1597,,-0.23218494982133595,0.136
Rv2159c,,-0.23117747046706436,0.2081
Rv1380,pyrB,-0.23024106519374157,0.524
Rv3790,dprE1,-0.2300021095982181,0.2727
Rv1547,dnaE1,-0.22990308715646002,0.2206
Rv3570c,hsaA,-0.22944824806406763,0.3851
Rv2584c,apt,-0.22916927471929063,0.3917
Rv0897c,,-0.2288086437620074,0.0077
Rv3528c,,-0.2285435022720033,0.2322
Rv1729c,,-0.22776419724640934,0.2415
Rv3051c,nrdE,-0.2277462034832582,0.0605
Rv0639,nusG,-0.22757052239826708,0.1839
Rv0629c,recD,-0.2273929911430011,0.1322
Rv2474c,,-0.2271664000172568,0.2724
Rv3340,metC,-0.2267784415533795,0.5734
Rv2449c,,-0.22613733109124728,0.1615
Rv0889c,citA,-0.22603324298887634,0.2177
Rv3787c,,-0.22602864732767325,0.1237
Rv1322A,,-0.22547109477793909,0.3941
Rv3422c,,-0.22490557567371094,0.4638
Rv2956,,-0.2233946061518732,0.5015
Rv2439c,proB,-0.22315740134578385,0.4111
Rv2259,mscR,-0.22312104363083202,0.0236
Rv2786c,ribF,-0.22253595165949067,0.1359
Rv0182c,sigG,-0.22228956800987168,0.1854
Rv1043c,,-0.22136891256104924,0.4058
Rv0837c,,-0.22131719005091624,0.388
Rv2337c,,-0.22117592267926717,0.4122
Rv3863,,-0.219528978468382,0.1469
Rv2222c,glnA2,-0.21900087735588458,0.3426
Rv0456c,echA2,-0.2189963887134767,0.0563
Rv2074,,-0.2181043816995857,0.0636
Rv0675,echA5,-0.21802009829155172,0.223
Rv0766c,cyp123,-0.21759682246012882,0.2253
Rv1307,atpH,-0.21712682731437355,0.4753
Rv3048c,nrdF2,-0.21667076522125248,0.5031
Rv3714c,,-0.21661019458860056,0.0433
Rv3799c,accD4,-0.21623119967061377,0.0685
Rv2751,,-0.21603542981718618,0.3117
Rv3548c,,-0.21585852274690306,0.0522
Rv3708c,asd,-0.21550386634133517,0.2446
Rv2048c,pks12,-0.21529717590989836,0.2437
Rv3106,fprA,-0.2136440895096347,0.1018
Rv1683,,-0.21213634675277918,0.2079
Rv0184,,-0.21170793205097518,0.0972
Rv0503c,cmaA2,-0.21133841410664914,0.0897
Rv2338c,moeW,-0.21126920263422622,0.0885
Rv3907c,pcnA,-0.21075699259833902,0.2075
Rv1742,,-0.21040318957163914,0.2811
Rv1761c,,-0.21032139653330625,0.3928
Rv1867,,-0.21032021831684003,0.0635
Rv0262c,aac,-0.20913354905587017,0.3039
Rv0060,,-0.20893987202030342,0.3555
Rv3040c,,-0.20882581912999829,0.1296
Rv1712,cmk,-0.20813275333515138,0.0996
Rv1492,mutA,-0.2075188378427403,0.2513
Rv2566,,-0.2066163255892865,0.0738
Rv2580c,hisS,-0.206326579008534,0.3245
Rv3137,,-0.2060887386893448,0.0992
Rv1461,,-0.20552952004880026,0.1119
Rv3080c,pknK,-0.20551961167382948,0.3839
Rv2904c,rplS,-0.2054995771209431,0.5232
Rv1387,PPE20,-0.20343603242956476,0.0895
Rv1523,,-0.20336522828094533,0.1057
Rv0394c,,-0.2028146942294934,0.2496
Rv1656,argF,-0.20273757199622683,0.3406
Rv2477c,,-0.20235335406977353,0.0469
Rv1210,tagA,-0.20124386097784042,0.3883
Rv1185c,fadD21,-0.20110416875817466,0.1921
Rv2147c,,-0.20084671221212927,0.5636
Rv3332,nagA,-0.20070091710969773,0.0167
Rv2793c,truB,-0.2005640363996908,0.0455
Rv2117,,-0.20051208587932473,0.3621
Rv3228,,-0.20035063582423224,0.088
Rv1074c,fadA3,-0.2001850300990164,0.3608
Rv2008c,,-0.19987546177502427,0.272
Rv3523,ltp3,-0.1997294775601735,0.4044
Rv2852c,mqo,-0.19951993644769672,0.3499
Rv3692,moxR2,-0.19927887958518867,0.3284
Rv3208A,TB9.4,-0.1990384037253575,0.3152
Rv1878,glnA3,-0.19901608324707867,0.133
Rv2017,,-0.19848993039641083,0.1778
Rv2212,,-0.1977792294138331,0.3029
Rv1289,,-0.19751881886986158,0.5283
Rv1063c,,-0.1968436456595597,0.3571
Rv0800,pepC,-0.19633765261983444,0.4099
Rv0281,,-0.19616261294882345,0.3634
Rv1905c,aao,-0.1961351574196059,0.3691
Rv2213,pepB,-0.19570735943261738,0.4449
Rv2986c,hupB,-0.195390630721138,0.9445
Rv2996c,serA1,-0.19467936784208414,0.0743
Rv0323c,,-0.19426709531920908,0.5171
Rv0499,,-0.19424476429872414,0.2875
Rv2888c,amiC,-0.19410951037440424,0.0048
Rv1722,,-0.1935803906961918,0.1457
Rv0376c,,-0.19347325916832406,0.2924
Rv0337c,aspC,-0.19322059927248364,0.3827
Rv0727c,fucA,-0.19310950498025742,0.3633
Rv1385,pyrF,-0.19305414248409383,0.4829
Rv1957,,-0.19288128971893398,0.2768
Rv2923c,,-0.19242726586587355,0.4293
Rv3488,,-0.1912981627690627,0.343
Rv0179c,lprO,-0.19107219913718493,0.4645
Rv2211c,gcvT,-0.1902287604871789,0.4112
Rv1193,fadD36,-0.19018969745716816,0.301
Rv2732c,,-0.1900305819372672,0.5685
Rv2345,,-0.18997701886574486,0.4491
Rv3568c,hsaC,-0.1894297522399366,0.0964
Rv3535c,hsaG,-0.18936000242609383,0.2219
Rv0543c,,-0.18930924026810136,0.5147
Rv2671,ribD,-0.1891921163205008,0.2952
Rv2095c,pafC,-0.18886167790019553,0.3499
Rv0858c,dapC,-0.18879459131743673,0.452
Rv0640,rplK,-0.18861592701115754,0.1495
Rv0911,,-0.1885171502503789,0.2312
Rv3778c,,-0.18838177969941017,0.2551
Rv1630,rpsA,-0.18825629906858604,0.1931
Rv3722c,,-0.1879447063180919,0.2395
Rv1239c,corA,-0.18756938313120064,0.5866
Rv0645c,mmaA1,-0.1873743641696302,0.1572
Rv0300,vapB2,-0.18725103528937645,0.8802
Rv0360c,,-0.18599803374383284,0.5123
Rv0636,hadB,-0.18568097407301482,0.13
Rv0505c,serB1,-0.18563863960161936,0.6005
Rv0560c,,-0.18473536913818275,0.1985
Rv0474,,-0.1844047383143404,0.3893
Rv2752c,,-0.18417987215626486,0.1512
Rv2568c,,-0.1838570127441579,0.4011
Rv1537,dinX,-0.18350014186426378,0.3445
Rv3747,,-0.18315265317426233,0.1348
Rv2785c,rpsO,-0.1826328819119322,0.138
Rv0255c,cobQ1,-0.1823314520765994,0.2727
Rv3420c,rimI,-0.18233058437108404,0.4306
Rv3432c,gadB,-0.1813397315303667,0.2994
Rv2766c,,-0.18082038143442522,0.1115
Rv0144,,-0.18065073369169815,0.3117
Rv3546,fadA5,-0.18011872024826026,0.3906
Rv0708,rplP,-0.17871789359988244,0.5486
Rv0674,,-0.17810035019468862,0.5197
Rv0672,fadE8,-0.17778548604710034,0.1374
Rv0428c,,-0.17728954309407766,0.1498
Rv1773c,,-0.17566405432776877,0.5
Rv3871,eccCb1,-0.17502724829933228,0.3161
Rv3913,trxB2,-0.17489962772445095,0.4411
Rv0339c,,-0.17481930617363242,0.1502
Rv1512,epiA,-0.17403064768452384,0.2911
Rv2037c,,-0.17398062827738228,0.1619
Rv0740,,-0.17335966056769767,0.3962
Rv0409,ackA,-0.17306148274469532,0.0931
Rv1828,,-0.1721035427157317,0.3138
Rv0042c,,-0.17196970311929133,0.4996
Rv1485,hemZ,-0.17166665863882918,0.3922
Rv2725c,hflX,-0.17159543284933285,0.4767
Rv3680,,-0.17144425216004477,0.3311
Rv2124c,metH,-0.17092118979982127,0.2782
Rv1017c,prsA,-0.17078899078724152,0.1432
Rv2251,,-0.17010759192926417,0.0558
Rv2992c,gltS,-0.17005427887740165,0.1099
Rv1711,,-0.16993141082255675,0.3927
Rv3860,,-0.1696918734759195,0.5496
Rv3457c,rpoA,-0.16865887147550215,0.4139
Rv2410c,,-0.16846034946360258,0.365
Rv1511,gmdA,-0.16798575437972252,0.4513
Rv1071c,echA9,-0.16770887978603333,0.3676
Rv1260,,-0.16765583666491737,0.3982
Rv1707,,-0.16759255319407512,0.775
Rv0074,,-0.16738353498694722,0.4555
Rv2216,,-0.1673272708222197,0.2819
Rv3515c,fadD19,-0.16692784092445545,0.1049
Rv2987c,leuD,-0.166423424546026,0.5696
Rv2579,dhaA,-0.16637413507851928,0.1728
Rv0427c,xthA,-0.16589119810722172,0.3363
Rv2689c,,-0.16551796732948934,0.3797
Rv0547c,,-0.1645822175958938,0.3981
Rv2416c,eis,-0.1645411950352586,0.3377
Rv3801c,fadD32,-0.16445538185565156,0.0727
Rv2066,cobIJ,-0.16443495967168908,0.2912
Rv2548A,,-0.164216152648158,0.9479
Rv3701c,egtD,-0.1640823817162273,0.1606
Rv1202,dapE,-0.16317232869522744,0.2169
Rv2157c,murF,-0.162351231692746,0.1739
Rv3046c,,-0.1612526632241871,0.5443
Rv0633c,,-0.1612355121770973,0.5559
Rv2315c,,-0.160679713845423,0.1549
Rv1133c,metE,-0.16042677971550448,0.0753
Rv1154c,,-0.16040720710651715,0.3621
Rv0005,gyrB,-0.1601115695686756,0.3688
Rv0597c,,-0.15994163518082608,0.4214
Rv1062,,-0.1594388943183108,0.5567
Rv0809,purM,-0.159322998977364,0.281
Rv0167,yrbE1A,-0.1592894203930586,0.6066
Rv3330,dacB1,-0.15798623261567477,0.5476
Rv0855,far,-0.15773701677702956,0.4708
Rv3804c,fbpA,-0.15749126648906017,0.3118
Rv0757,phoP,-0.15485050235975992,0.3365
Rv3084,lipR,-0.15418384598363588,0.5654
Rv1794,,-0.1538781040269335,0.2324
Rv0726c,,-0.1536827498382507,0.2098
Rv0904c,accD3,-0.15303899530710863,0.2652
Rv1514c,,-0.15298540768000582,0.4054
Rv3846,sodA,-0.1522070312206315,0.2117
Rv1871c,,-0.1520716511964278,0.2246
Rv1508c,,-0.152052277837418,0.6407
Rv1785c,cyp143,-0.15183985703605654,0.5516
Rv0324,,-0.15138912538525434,0.4473
Rv3709c,ask,-0.15135083279383435,0.3876
Rv2296,,-0.1507913601533712,0.1276
Rv1309,atpG,-0.1504667269428101,0.553
Rv2230c,,-0.14949894020066795,0.0898
Rv3088,tgs4,-0.14933535467898085,0.6724
Rv1611,trpC,-0.14926933600396047,0.2768
Rv2981c,ddlA,-0.14888375160087275,0.4361
Rv2467,pepN,-0.14878107207264357,0.0851
Rv2360c,,-0.14875373541477463,0.5094
Rv3918c,parA,-0.14859379554286717,0.6292
Rv3534c,hsaF,-0.1483897484395034,0.5166
Rv3644c,,-0.14820854774947334,0.2283
Rv0719,rplF,-0.1480019355466914,0.5368
Rv2350c,plcB,-0.1479546236587324,0.4382
Rv2971,,-0.1478082685953211,0.2053
Rv3045,adhC,-0.14762043892552631,0.5029
Rv0435c,,-0.14715969883029617,0.1618
Rv1769,,-0.1459796427868061,0.5536
Rv3704c,gshA,-0.14574758302439192,0.4242
Rv0349,,-0.14447280138470728,0.041
Rv1329c,dinG,-0.14400654707013008,0.3578
Rv3858c,gltD,-0.14350515603251215,0.2002
Rv3415c,,-0.14304151485817596,0.5028
Rv0643c,mmaA3,-0.1426709309499176,0.3153
Rv0400c,fadE7,-0.14230171025766508,0.4386
Rv1011,ispE,-0.142170413283219,0.4177
Rv1112,,-0.1404671091170815,0.4414
Rv3226c,,-0.13995008975635756,0.4602
Rv1901,cinA,-0.13987122683492645,0.3671
Rv0818,,-0.13944740873442718,0.1739
Rv1928c,,-0.13924301665358943,0.5372
Rv0357c,purA,-0.13886047569203747,0.4305
Rv2731,,-0.13883943815942165,0.5682
Rv3154,nuoJ,-0.13810193556496,0.5777
Rv3227,aroA,-0.13808575285318403,0.4449
Rv3730c,,-0.13729231979681072,0.1956
Rv1653,argJ,-0.13707633939713346,0.1951
Rv2089c,pepE,-0.13640357954999313,0.3565
Rv1077,cbs,-0.13623356399970446,0.2075
Rv1879,,-0.13613156342760077,0.3158
Rv2462c,tig,-0.13541695253263064,0.3356
Rv1297,rho,-0.13529899372572873,0.0434
Rv3041c,,-0.13498785011024114,0.2103
Rv2221c,glnE,-0.13494947933719936,0.3281
Rv2851c,,-0.1347019804932336,0.5884
Rv0295c,,-0.13439142837049245,0.3453
Rv2298,,-0.13402021659399646,0.1719
Rv0558,menH,-0.13401366273164436,0.5243
Rv2868c,gcpE,-0.13372493504185595,0.4228
Rv1106c,,-0.13312608729813363,0.4914
Rv0270,fadD2,-0.13274773004504753,0.061
Rv0498,,-0.132665122479783,0.4772
Rv1143,mcr,-0.13196335126310885,0.5043
Rv2691,ceoB,-0.13189744700559666,0.3108
Rv1299,prfA,-0.13157071790816585,0.3436
Rv2438c,nadE,-0.1305862299099261,0.1438
Rv0163,,-0.12947182465009563,0.229
Rv1402,priA,-0.1287794085893936,0.4392
Rv3895c,eccB2,-0.128666747750115,0.6823
Rv2139,pyrD,-0.1276325982876584,0.5159
Rv3721c,dnaZX,-0.12714363629182177,0.2972
Rv1350,fabG2,-0.1270683619635521,0.4731
Rv0715,rplX,-0.12687812912284033,0.5416
Rv1708,,-0.12613978747889273,0.1335
Rv2336,,-0.12608182744645247,0.6178
Rv2041c,,-0.12590810430829918,0.5394
Rv0880,,-0.1254571249380066,0.5413
Rv1725c,,-0.12513982210179672,0.9732
Rv0536,galE3,-0.12460062810716775,0.5162
Rv2488c,,-0.12417632521574203,0.5092
Rv2696c,,-0.1241681136354322,0.4522
Rv3282,,-0.12413340759787386,0.4192
Rv3696c,glpK,-0.12366229528937099,0.1882
Rv2006,otsB1,-0.12364451659044005,0.5184
Rv0673,echA4,-0.12355418354255214,0.3981
Rv1206,fadD6,-0.12354193821575732,0.5237
Rv0718,rpsH,-0.1234725527103216,0.369
Rv3264c,manB,-0.12256358998072595,0.4117
Rv0472c,,-0.1223705826449935,0.5367
Rv1649,pheS,-0.12220809751440662,0.5301
Rv2922c,smc,-0.12209226015873663,0.0788
Rv2121c,hisG,-0.12195480945251466,0.1897
Rv0831c,,-0.12125680912388444,0.2666
Rv2692,ceoC,-0.12123173772586499,0.3345
Rv2753c,dapA,-0.12101749430833895,0.046
Rv3554,fdxB,-0.11999321294521344,0.6492
Rv3505,fadE27,-0.11977717875607367,0.3779
Rv0959,,-0.11959501064686569,0.625
Rv2850c,,-0.11935709860131767,0.4567
Rv1126c,,-0.11913453770947728,0.6403
Rv2386c,mbtI,-0.11885610634209717,0.2708
Rv0949,uvrD1,-0.11871515099587863,0.3197
Rv3214,gpm2,-0.11830657984199834,0.3792
Rv3001c,ilvC,-0.11790019624122874,0.57
Rv3099c,,-0.11752270407284535,0.2107
Rv0840c,pip,-0.1169584239575318,0.4651
Rv1092c,coaA,-0.11687913676974984,0.0531
Rv1422,,-0.11673511768544251,0.566
Rv0803,purL,-0.11566941038348293,0.1977
Rv2214c,ephD,-0.1150628293096297,0.5872
Rv3261,fbiA,-0.11488858777487258,0.3564
Rv3296,lhr,-0.11420281996378889,0.3739
Rv0861c,ercc3,-0.11397094759205761,0.1602
Rv1316c,ogt,-0.11386303568994563,0.417
Rv2307c,,-0.11265060725983891,0.3817
Rv1977,,-0.11248812834084396,0.4564
Rv3774,echA21,-0.11236409616563765,0.2118
Rv1534,,-0.11222134584035184,0.649
Rv0415,thiO,-0.11218504121951932,0.6039
Rv0408,pta,-0.11182075135332976,0.4569
Rv1612,trpB,-0.11116118511832447,0.5814
Rv0868c,moaD2,-0.11085528259687148,0.9662
Rv1464,csd,-0.10973071036872947,0.4458
Rv3856c,,-0.10958896552203781,0.6037
Rv0504c,,-0.1095572700623202,0.3667
Rv1719,,-0.10955408378746985,0.2177
Rv0551c,fadD8,-0.1093839829459024,0.2159
Rv3797,fadE35,-0.10920375494826802,0.1009
Rv1559,ilvA,-0.1088239355009127,0.5366
Rv1324,,-0.10866905563095709,0.5072
Rv1894c,,-0.1084528419964853,0.3876
Rv2252,,-0.10742829651264607,0.5035
Rv2858c,aldC,-0.10736065754472784,0.2455
Rv1207,folP2,-0.10615416606536299,0.4037
Rv3849,espR,-0.1052987532492454,0.3712
Rv2375,,-0.10521064865657469,0.5388
Rv2344c,dgt,-0.10517895945866898,0.2845
Rv3670,ephE,-0.10480810642190347,0.3269
Rv0928,pstS3,-0.1045378269693745,0.6873
Rv2153c,murG,-0.10444725540403982,0.4468
Rv2901c,,-0.10419383545893199,0.6032
Rv2411c,,-0.10340174419772606,0.3204
Rv3715c,recR,-0.10245384789657114,0.6965
Rv1563c,treY,-0.10227778764982688,0.4535
Rv0549c,vapC3,-0.10217309036121085,0.8588
Rv0759c,,-0.10169738647410755,0.3997
Rv2388c,hemN,-0.10156431456788642,0.6728
Rv3818,,-0.10143568936197088,0.4808
Rv2531c,,-0.10142461820329356,0.3315
Rv0957,purH,-0.10114517831973094,0.2516
Rv3207c,,-0.0993111453760563,0.934
Rv1925,fadD31,-0.09917685422947391,0.115
Rv1864c,,-0.0991001712928549,0.8615
Rv2845c,proS,-0.0989896028970607,0.0524
Rv0983,pepD,-0.09850593461982644,0.5489
Rv0440,groEL2,-0.098321299367023,0.3812
Rv0317c,glpQ2,-0.0982865279632099,0.6394
Rv2953,,-0.09816580140249435,0.5578
Rv2427c,proA,-0.0969337297116197,0.5842
Rv0956,purN,-0.09647673478367298,0.4017
Rv2593c,ruvA,-0.09586592005465983,0.6081
Rv2165c,,-0.09493305483935391,0.4512
Rv3012c,gatC,-0.09485033168452676,0.6907
Rv0568,cyp135B1,-0.09484004514863605,0.5833
Rv1454c,qor,-0.09483664704945198,0.6143
Rv3274c,fadE25,-0.09459761805613527,0.6513
Rv0706,rplV,-0.09441675480603463,0.3353
Rv0438c,moeA2,-0.09381982914590252,0.6288
Rv1463,,-0.09380112004770895,0.0803
Rv3876,espI,-0.09304732428815814,0.7526
Rv2966c,,-0.09288912702111164,0.2841
Rv3002c,ilvN,-0.09283195718054635,0.5902
Rv1368,lprF,-0.09257351128117394,0.64
Rv3566c,nat,-0.09248077843609656,0.5698
Rv1295,thrC,-0.0922285200502337,0.584
Rv1084,,-0.09221989938018889,0.437
Rv0765c,,-0.0922035591741494,0.5909
Rv3460c,rpsM,-0.09165919772174835,0.5328
Rv2569c,,-0.09053225285315947,0.5652
Rv2718c,nrdR,-0.09020039215271707,0.6416
Rv1360,,-0.09017050428411753,0.4976
Rv2781c,,-0.08943253513890405,0.6024
Rv1533,,-0.08837668078531337,0.5691
Rv0546c,,-0.08706038661457476,0.5203
Rv0439c,,-0.08693972423057307,0.3773
Rv2521,bcp,-0.08673694105803684,0.772
Rv1007c,metS,-0.08647738951945087,0.4181
Rv0175,,-0.08634410373490736,0.6905
Rv2739c,,-0.08634164715790862,0.5595
Rv0348,,-0.0863322445012727,0.8067
Rv0953c,,-0.08590930927482844,0.3809
Rv0931c,pknD,-0.08569649773821422,0.68
Rv3307,deoD,-0.08491494198000446,0.403
Rv0141c,,-0.08469063062808757,0.5973
Rv3009c,gatB,-0.08413598540323645,0.5077
Rv0162c,adhE1,-0.08399825419468337,0.6647
Rv3842c,glpQ1,-0.08359020162517451,0.578
Rv2238c,ahpE,-0.08351475760308955,0.7478
Rv2701c,suhB,-0.08333106841523188,0.4496
Rv0946c,pgi,-0.08306657708855361,0.459
Rv0853c,pdc,-0.08278933690547798,0.2498
Rv2207,cobT,-0.08278585354185772,0.5869
Rv0075,,-0.08121737290344914,0.6163
Rv0903c,prrA,-0.08114463855575088,0.5966
Rv3509c,ilvX,-0.08110231097102981,0.2911
Rv0407,fgd1,-0.08091621699206608,0.658
Rv1293,lysA,-0.08084886456399179,0.629
Rv3280,accD5,-0.07983461415851413,0.206
Rv1830,,-0.0795253484478445,0.5471
Rv2314c,,-0.07951071118577606,0.5971
Rv2042c,,-0.07949070357440298,0.6172
Rv3516,echA19,-0.0789288130685241,0.6435
Rv0844c,narL,-0.07891881762014943,0.506
Rv3417c,groEL1,-0.07731772694054717,0.3979
Rv1424c,,-0.07730877464497127,0.6845
Rv0873,fadE10,-0.07679498483440979,0.1421
Rv1020,mfd,-0.07672558977651857,0.0623
Rv3442c,rpsI,-0.07661333959389924,0.6826
Rv0234c,gabD1,-0.07658239175620278,0.3476
Rv2680,,-0.07649614380437497,0.5698
Rv0172,mce1D,-0.07645805645783721,0.7439
Rv1688,mpg,-0.07635850741175901,0.652
Rv0013,trpG,-0.07626257807272245,0.4988
Rv1264,,-0.07620683330070242,0.6276
Rv2750,,-0.07607460724092285,0.3137
Rv1896c,,-0.07600948719978479,0.5057
Rv2574,,-0.07584361826096304,0.6964
Rv3140,fadE23,-0.07568486176770009,0.6526
Rv3817,,-0.07530397348441323,0.6014
Rv2118c,,-0.07479973559807802,0.5718
Rv0425c,ctpH,-0.07472913777348394,0.387
Rv3398c,idsA1,-0.07419083833639697,0.942
Rv2510c,,-0.0729866865518317,0.5301
Rv0426c,,-0.07273705154441903,0.7748
Rv0775,,-0.07264699133541264,0.6816
Rv0437c,psd,-0.07245360989427611,0.6886
Rv2260,,-0.07241388050679627,0.4561
Rv1330c,pncB1,-0.07144892229023887,0.6505
Rv2229c,,-0.07129612766695552,0.585
Rv2984,ppk1,-0.07115790656664468,0.0838
Rv2839c,infB,-0.07062898668628101,0.5968
Rv2528c,mrr,-0.07028602670478104,0.5636
Rv0705,rpsS,-0.06941658775510763,0.8039
Rv0731c,,-0.06926926385412249,0.5357
Rv3490,otsA,-0.06912796150952547,0.5392
Rv3603c,,-0.06902168440501577,0.688
Rv2444c,rne,-0.06859649531623173,0.4883
Rv3719,,-0.06783979470872659,0.5402
Rv3205c,,-0.06771645808034293,0.6095
Rv2357c,glyS,-0.0674693503660694,0.6286
Rv3679,,-0.06691935794503279,0.67
Rv1093,glyA1,-0.06647150068864824,0.6669
Rv3438,,-0.0657410140925771,0.7037
Rv2204c,,-0.06568190758510177,0.6737
Rv0487,,-0.06541931724922265,0.6333
Rv3700c,egtE,-0.06534627355747473,0.6559
Rv0321,dcd,-0.06492119530502087,0.6562
Rv2374c,hrcA,-0.06487791007791004,0.3073
Rv2394,ggtB,-0.06424258190400997,0.7225
Rv2927c,,-0.06374639077593923,0.9282
Rv2677c,hemY,-0.06371775254266869,0.6303
Rv1812c,,-0.06344481711727205,0.691
Rv1613,trpA,-0.06341077320729269,0.6006
Rv2299c,htpG,-0.0619258295928995,0.4668
Rv1190,,-0.06174189274335653,0.7327
Rv1428c,,-0.06059428163815276,0.7246
Rv3105c,prfB,-0.060072959250011014,0.7193
Rv2502c,accD1,-0.05954846037392855,0.5363
Rv0720,rplR,-0.059284016933832034,0.7478
Rv0654,,-0.05847764268472393,0.4844
Rv3038c,,-0.058394216037251395,0.6562
Rv1061,,-0.05759688443511669,0.5812
Rv1079,metB,-0.05753047629455224,0.6394
Rv3418c,groES,-0.05700475858510608,0.5493
Rv1697,,-0.05631191812908604,0.9808
Rv2950c,fadD29,-0.05625206184231914,0.9703
Rv0862c,,-0.05615636998355884,0.7252
Rv3423c,alr,-0.055687865982179445,0.7105
Rv2051c,ppm1,-0.055393412888374106,0.7654
Rv2889c,tsf,-0.05517245551168452,0.7725
Rv1298,rpmE,-0.054816303120149755,0.7836
Rv3406,,-0.05468462016342865,0.7114
Rv0127,mak,-0.05417659816264147,0.7405
Rv1696,recN,-0.05408009085623813,0.6558
Rv0296c,,-0.053901858470033426,0.6438
Rv0562,grcC1,-0.053130542815652534,0.7272
Rv0308,,-0.05235940163257136,0.9715
Rv3011c,gatA,-0.052210364914073874,0.7057
Rv1270c,lprA,-0.051818865538464494,0.7132
Rv0158,,-0.05151417846116164,0.7047
Rv2138,lppL,-0.05108197616698128,0.8605
Rv0356c,,-0.05057086852307826,0.6696
Rv2133c,,-0.0502610868242767,0.6404
Rv3309c,upp,-0.05018768033052977,0.7166
Rv0330c,,-0.05017990295365833,0.7537
Rv1363c,,-0.050022714607041746,0.7869
Rv1832,gcvB,-0.049885846500137755,0.6685
Rv2995c,leuB,-0.0491365992689143,0.7279
Rv2537c,aroD,-0.04873798913784163,0.9729
Rv0183,,-0.047028207258319965,0.6315
Rv1594,nadA,-0.04681614817193984,0.8542
Rv0494,,-0.046354833822275905,0.7258
Rv2703,sigA,-0.04579964275639839,0.7443
Rv0753c,mmsA,-0.045739825182072646,0.6811
Rv3393,iunH,-0.04570980184835442,0.7206
Rv0176,,-0.04552851169023114,0.9596
Rv1082,mca,-0.04548609458645663,0.7171
Rv1865c,,-0.045402734078296286,0.7213
Rv3339c,icd1,-0.044931601563533964,0.7973
Rv0774c,,-0.044906747041106844,0.7755
Rv3582c,ispD,-0.044861263875977095,0.6884
Rv0538,,-0.044620098662186844,0.7006
Rv2319c,,-0.04447349274137023,0.7869
Rv3800c,pks13,-0.04433290810730724,0.2921
Rv0293c,,-0.04341641363134424,0.7239
Rv3580c,cysS1,-0.04228848394202672,0.7911
Rv3158,nuoN,-0.04222348760436077,0.8026
Rv2869c,rip,-0.04183918562396923,0.7921
Rv0888,,-0.04182560380074068,0.6432
Rv1336,cysM,-0.04142226902090395,0.7819
Rv3617,ephA,-0.041359060196402245,0.7654
Rv2962c,,-0.040793099238810665,0.8199
Rv1602,hisH,-0.04061712409505772,0.7524
Rv0933,pstB,-0.040559002646002186,0.7922
Rv3291c,lrpA,-0.040401114193516705,0.8533
Rv3295,,-0.0401611026336727,0.7456
Rv3313c,add,-0.03977591150591097,0.7825
Rv1605,hisF,-0.03924394919490462,0.6524
Rv1703c,,-0.03872235693036953,0.7685
Rv0780,purC,-0.03834780508760298,0.7089
Rv3676,crp,-0.037971972870301164,0.7127
Rv3879c,espK,-0.03752009590844343,0.8255
Rv1544,,-0.037489280150227025,0.7373
Rv0819,mshD,-0.037315263172895366,0.7361
Rv2418c,,-0.0371182738002828,0.5778
Rv1538c,ansA,-0.03584855160782189,0.8301
Rv2854,,-0.0353088279136133,0.8141
Rv1391,dfp,-0.03505963285079708,0.8309
Rv0951,sucC,-0.0346901723969634,0.7862
Rv0777,purB,-0.034339836673661105,0.7803
Rv0602c,tcrA,-0.03426078202164395,0.6706
Rv3497c,mce4C,-0.03417544625232664,0.8398
Rv0729,xylB,-0.033355289662874425,0.7133
Rv1388,mihF,-0.032833190124032685,0.8087
Rv2294,,-0.03263839851833934,0.7714
Rv3485c,,-0.03235582895487137,0.7998
Rv2605c,tesB2,-0.03233737264434894,0.7077
Rv0044c,,-0.03166740209211044,0.7605
Rv3318,sdhA,-0.03114694404443341,0.7802
Rv1173,fbiC,-0.030872628501332124,0.8903
Rv3224,,-0.03030709653548428,0.7628
Rv0088,,-0.030072018773138996,0.9139
Rv2134c,,-0.029958110349880662,0.7697
Rv0525,,-0.029684239115004292,0.9131
Rv3404c,,-0.02930550533870229,0.7682
Rv2676c,,-0.029016510007316875,0.7284
Rv0500,proC,-0.028988687920088376,0.8415
Rv2103c,vapC37,-0.02878632326495495,0.7624
Rv0091,mtn,-0.02842131647911021,0.7898
Rv0015c,pknA,-0.028217951131961738,0.7652
Rv3200c,,-0.028188128558358387,0.8319
Rv2727c,miaA,-0.027883145722619743,0.8276
Rv1486c,,-0.02771672366459055,0.7861
Rv0139,,-0.027520339754467688,0.8625
Rv2019,,-0.026704909357581495,0.8537
Rv0036c,,-0.026678421168572365,0.7677
Rv2951c,,-0.026173684798222466,0.8106
Rv1962c,vapC35,-0.026172238970811224,0.8281
Rv2754c,thyX,-0.02612003303074782,0.6489
Rv3859c,gltB,-0.026100903458961162,0.8421
Rv1700,,-0.024365523120989153,0.8619
Rv1489,,-0.024340063435143448,0.794
Rv0433,,-0.02376827255984497,0.8114
Rv2125,,-0.02346169463931798,0.8213
Rv2501c,accA1,-0.023329648048392975,0.7973
Rv3212,,-0.023243598247963928,0.8163
Rv1505c,,-0.021864601632093125,0.8015
Rv2351c,plcA,-0.02110516031515929,0.8452
Rv1781c,malQ,-0.02061315268628194,0.9043
Rv3634c,galE1,-0.02048039465169995,0.8646
Rv1570,bioD,-0.02029977410912065,0.8289
Rv0884c,serC,-0.02005115060242028,0.8285
Rv0630c,recB,-0.01921608158956785,0.8308
Rv3362c,,-0.019199133909778617,0.8329
Rv1509,,-0.018966173366838493,0.8025
Rv1384,carB,-0.018927305765952484,0.7795
Rv1857,modA,-0.01886852380416207,0.8239
Rv1362c,,-0.016718629541770468,0.9215
Rv2241,aceE,-0.01628966571411328,0.84
Rv0444c,rskA,-0.01623700800121067,0.7896
Rv1151c,,-0.016037869177344153,0.8209
Rv0119,fadD7,-0.015594894623816916,0.8367
Rv3034c,,-0.015354411235320786,0.8305
Rv2140c,TB18.6,-0.015313055494505621,0.8729
Rv1323,fadA4,-0.015261321998134706,0.886
Rv3878,espJ,-0.014894167590415047,0.9356
Rv3246c,mtrA,-0.014431190104438945,0.951
Rv0535,,-0.013649072404488762,0.8986
Rv1507c,,-0.013039966865878855,0.9341
Rv1798,eccA5,-0.012977221065030117,0.8963
Rv3598c,lysS,-0.012974958427035473,0.832
Rv0994,moeA1,-0.012692902211440368,0.9251
Rv3602c,panC,-0.012189893266290504,0.8772
Rv0634A,,-0.01215570021624154,0.8409
Rv3855,ethR,-0.011764549965104319,0.8923
Rv1638,uvrA,-0.010594425050220617,0.8694
Rv0902c,prrB,-0.010077288665617096,0.9764
Rv0576,,-0.009966711784255207,0.8772
Rv3814c,,-0.008766058660940934,0.9032
Rv1617,pykA,-0.008512186855283337,0.8803
Rv0174,mce1F,-0.008381107529126325,0.838
Rv0186,bglS,-0.008354449050279532,0.8421
Rv1338,murI,-0.007847288392861099,0.9104
Rv0631c,recC,-0.007396927371327075,0.917
Rv3916c,,-0.0072480402110992785,0.8944
Rv1743,pknE,-0.007186940391495146,0.913
Rv1644,tsnR,-0.007185782228249086,0.9471
Rv0732,secY,-0.006624366897042871,0.9795
Rv0533c,fabH,-0.006485130412335735,0.8864
Rv0647c,,-0.006445155402274609,0.9618
Rv3693,,-0.00626374639316783,0.9923
Rv3139,fadE24,-0.005936796094211765,0.9595
Rv1689,tyrS,-0.005592285251985186,0.848
Rv3405c,,-0.0054328861786858505,0.7683
Rv0242c,fabG4,-0.004776056835794046,0.8924
Rv3410c,guaB3,-0.004744014444024718,0.867
Rv3266c,rmlD,-0.004526903302382874,0.9959
Rv0222,echA1,-0.00437511606651368,0.9163
Rv0906,,-0.0036321460241478315,0.989
Rv2538c,aroB,-0.0035224712770512245,0.8652
Rv3194c,,-0.0028405009541614358,0.8964
Rv1564c,treX,-0.0024102816962078663,0.977
Rv2947c,pks15,-0.0017486883923333884,0.8552
Rv3834c,serS,-0.0010250054007634416,0.9472
Rv2498c,citE,-0.0009121721029856336,0.9996
Rv1118c,,-0.0007431363222759062,0.8611
Rv2249c,glpD1,-0.0005912298582485196,0.9862
Rv2067c,,-0.0004717104793549813,0.8772
Rv3218,,-0.00046880720793541597,0.9462
Rv2970c,lipN,-0.0003985244925529537,0.9507
Rv1156,,0.0008987148034429354,0.9544
Rv1443c,,0.001071050696539001,0.9799
Rv1637c,,0.0012688499210465262,0.9691
Rv0181c,,0.0014014940883382997,0.9765
Rv2857c,,0.0015935315163800136,0.9498
Rv2327,,0.002071879048280311,0.9621
Rv1421,,0.0030914439818724633,0.9615
Rv2511,orn,0.0043983667259572656,0.9926
Rv3356c,folD,0.005385661649596861,0.9842
Rv1449c,tkt,0.005829379992921913,0.9584
Rv0473,,0.006284538636540584,0.8211
Rv0952,sucD,0.006409320121296853,0.948
Rv0634c,,0.0073366246693211444,0.9654
Rv0966c,,0.0074805049139171536,0.7285
Rv3028c,fixB,0.007660038310548917,0.9579
Rv3556c,fadA6,0.00782151634235308,0.9419
Rv2504c,scoA,0.008297741335716965,0.9298
Rv2895c,viuB,0.00869962548945128,0.9191
Rv0059,,0.009022019629748553,0.8332
Rv2919c,glnB,0.009227506807534102,0.9307
Rv2614c,thrS,0.009653923287898153,0.9531
Rv3767c,,0.010161694358942588,0.8627
Rv2788,sirR,0.010183056287881265,0.9626
Rv1618,tesB1,0.010389502753015237,0.8099
Rv0989c,grcC2,0.010895028584507806,0.8567
Rv1919c,,0.011722334114696293,0.9433
Rv2711,ideR,0.012052282297771628,0.9043
Rv0422c,thiD,0.012955762104958522,0.8905
Rv0773c,ggtA,0.013740610310690132,0.9594
Rv1015c,rplY,0.0140334905194551,0.9206
Rv3667,acs,0.014128455557451729,0.9126
Rv2448c,valS,0.01440948551057339,0.9441
Rv1442,bisC,0.01497846619925781,0.8658
Rv2421c,nadD,0.015721705472350283,0.9333
Rv0265c,,0.015732479804946194,0.9833
Rv3754,tyrA,0.016276099990392857,0.9301
Rv1876,bfrA,0.01653165772836336,0.973
Rv0173,lprK,0.016721221754519962,0.8729
Rv2535c,pepQ,0.016937900883876686,0.9354
Rv0196,,0.017232193829444558,0.8399
Rv2135c,,0.018219818417098736,0.9169
Rv1820,ilvG,0.01983678309489156,0.9383
Rv3791,dprE2,0.02063992953538148,0.973
Rv2589,gabT,0.020684362270853036,0.8619
Rv1996,,0.020871273405921393,0.8423
Rv2673,aftC,0.022197261628831896,0.9774
Rv3068c,pgmA,0.023086631924315315,0.7375
Rv0822c,,0.023212566754453923,0.8471
Rv0177,,0.023712404293020788,0.9044
Rv1723,,0.024032674319981535,0.8939
Rv0148,,0.024271590963653247,0.7673
Rv0668,rpoC,0.024596539747909117,0.7962
Rv2773c,dapB,0.02541743810174578,0.7096
Rv1240,mdh,0.025539431343009653,0.9311
Rv0877,,0.025867267341468048,0.8717
Rv2952,,0.02610756709724088,0.7683
Rv1292,argS,0.02612859739787841,0.9084
Rv3684,,0.026959101442181395,0.9816
Rv0730,,0.027456884099440332,0.8046
Rv0135c,,0.027533968483145307,0.9436
Rv2977c,thiL,0.0275462718980239,0.9417
Rv1308,atpA,0.027783922053580015,0.7393
Rv3796,,0.02799746618432289,0.9402
Rv3433c,,0.028125687243970753,0.835
Rv1732c,,0.02864154643999067,0.8936
Rv2841c,nusA,0.02866923606139109,0.9979
Rv3782,glfT1,0.02915409872897382,0.9381
Rv3283,sseA,0.029355740195411054,0.9785
Rv0871,cspB,0.029555742010405475,0.8518
Rv1796,mycP5,0.02971571307907601,0.9462
Rv2976c,ung,0.03004071117001449,0.7565
Rv0770,,0.03049498386671957,0.9299
Rv1276c,,0.03068497352163755,0.8366
Rv3813c,,0.030733323460501925,0.913
Rv3459c,rpsK,0.03134817900179624,0.9936
Rv2678c,hemE,0.03140253017907353,0.9609
Rv2679,echA15,0.031443047650880226,0.7232
Rv0788,purQ,0.0332281327761397,0.8624
Rv2726c,dapF,0.033355244786601214,0.8278
Rv1266c,pknH,0.03413736712175628,0.9202
Rv2748c,ftsK,0.03443989692254859,0.8547
Rv1498c,,0.03446157255114464,0.9863
Rv0171,mce1C,0.03469538239865881,0.9247
Rv3609c,folE,0.034890693111437006,0.8833
Rv3401,,0.034970764680582134,0.6871
Rv2151c,ftsQ,0.03526528365435035,0.891
Rv0452,,0.03548009099452552,0.9667
Rv1609,trpE,0.03605148228270009,0.9185
Rv3592,,0.03627095294644822,0.8751
Rv3107c,agpS,0.0363805833133213,0.6057
Rv3591c,,0.036876419710555296,0.7535
Rv1389,gmk,0.037022648127882654,0.8179
Rv1177,fdxC,0.03718344484616994,0.881
Rv0418,lpqL,0.03848529083613347,0.9885
Rv2873,mpt83,0.039292085903431424,0.9925
Rv2906c,trmD,0.03937088075224924,0.8124
Rv3807c,,0.03945009997643218,0.7961
Rv2205c,,0.03956561761880856,0.952
Rv3262,fbiB,0.040465144747251526,0.8684
Rv1626,,0.041662347356534526,0.8424
Rv2445c,ndkA,0.042461037665695374,0.857
Rv2702,ppgK,0.042826677765668515,0.9895
Rv0992c,,0.04288605541447281,0.7823
Rv0063,,0.04372919024010943,0.939
Rv3052c,nrdI,0.044264808733182975,0.7583
Rv2198c,mmpS3,0.04448598996747054,0.9023
Rv2417c,,0.04459576381892251,0.7763
Rv2697c,dut,0.044611638104624415,0.9075
Rv3519,,0.044703574373839775,0.7356
Rv1263,amiB2,0.045554918442246455,0.8661
Rv1650,pheT,0.04591574062460592,0.639
Rv0333,,0.04655977796769237,0.7599
Rv1833c,,0.04661863533168053,0.7017
Rv2201,asnB,0.04716464925027264,0.5127
Rv3647c,,0.04888114530542859,0.8424
Rv3563,fadE32,0.04892125045593887,0.718
Rv0791c,,0.04912810512091246,0.8573
Rv2861c,mapB,0.049333459196222014,0.7525
Rv0319,pcp,0.049499789996474496,0.844
Rv0352,dnaJ1,0.05073804195122066,0.9754
Rv1956,higA,0.05112604172517507,0.9222
Rv1513,,0.051192576408415125,0.7884
Rv2409c,,0.051943546457648454,0.6349
Rv2520c,,0.05223176308639346,0.8117
Rv3909,,0.052299083308189484,0.9538
Rv1100,,0.05254398368764038,0.798
Rv0137c,msrA,0.05294989151291475,0.8185
Rv0365c,,0.05381471717955728,0.8682
Rv0927c,,0.054184622551261614,0.6331
Rv0523c,,0.055999239033356255,0.8055
Rv3319,sdhB,0.056038455645346465,0.9786
Rv0223c,,0.05617726383324485,0.693
Rv0014c,pknB,0.05618759881472509,0.8451
Rv2763c,dfrA,0.05702311948502362,0.543
Rv2068c,blaC,0.057135513423294426,0.9835
Rv0651,rplJ,0.057631975946629985,0.7295
Rv0469,umaA,0.057646733113834545,0.7029
Rv0129c,fbpC,0.05958853419339944,0.7667
Rv3265c,wbbL1,0.06008710956219809,0.8564
Rv1852,ureG,0.06013129882409008,0.4986
Rv3710,leuA,0.06044319859919386,0.6136
Rv1595,nadB,0.06140279073139802,0.6634
Rv2178c,aroG,0.0614173244608707,0.6298
Rv1019,,0.06180224847849385,0.7295
Rv2202c,adoK,0.06206379184302413,0.9406
Rv1328,glgP,0.06299884462683578,0.6121
Rv0155,pntAa,0.06374478315445471,0.8444
Rv1629,polA,0.06452000509793947,0.5711
Rv2604c,snoP,0.0646421571518947,0.6975
Rv2363,amiA2,0.06494666136024418,0.9403
Rv3015c,,0.06535896029582668,0.9855
Rv3336c,trpS,0.06582797711546079,0.7884
Rv0303,,0.0661839601222136,0.7695
Rv0019c,fhaB,0.06657920252952654,0.9207
Rv3748,,0.06688381057259835,0.6274
Rv2965c,kdtB,0.06695113340672415,0.8686
Rv0811c,,0.06700712645317343,0.9184
Rv1480,,0.06746347539815507,0.7931
Rv3081,,0.06839394250886545,0.3127
Rv0701,rplC,0.06843469154130796,0.5288
Rv1248c,,0.06865579101884578,0.6005
Rv0404,fadD30,0.06868715080562847,0.5686
Rv2724c,fadE20,0.06905903199255828,0.9527
Rv1837c,glcB,0.06969649236591069,0.7249
Rv0050,ponA1,0.06973552033716546,0.9377
Rv2928,tesA,0.07069820685525104,0.656
Rv1880c,cyp140,0.07152678336524727,0.5775
Rv2585c,,0.07218243826435297,0.9665
Rv3723,,0.07231819218239874,0.8044
Rv3843c,,0.07468807616990138,0.9622
Rv2893,,0.07502764174516859,0.5378
Rv2985,mutT1,0.07546277451177943,0.9447
Rv1458c,,0.0758258684506621,0.8603
Rv0716,rplE,0.07663713393942712,0.5132
Rv3090,,0.07707230897718245,0.9892
Rv1296,thrB,0.07777263389641992,0.6596
Rv0685,tuf,0.07798389497026063,0.7782
Rv3014c,ligA,0.07813150708062229,0.3153
Rv0813c,,0.07819384872794438,0.7176
Rv1026,,0.07853882709671782,0.841
Rv3559c,,0.07918707202482561,0.7078
Rv3141,fadB4,0.07933467406817796,0.6347
Rv3922c,,0.08004950282886249,0.9276
Rv3397c,phyA,0.08033970011262083,0.6543
Rv1944c,,0.08090263025395505,0.5524
Rv1379,pyrR,0.0809627491872797,0.9785
Rv0254c,cobU,0.08194923263947895,0.7494
Rv1747,,0.08286587174483753,0.7409
Rv2967c,pca,0.08297818311512811,0.3688
Rv3390,lpqD,0.08338349056429109,0.9818
Rv2419c,gpgP,0.0841349626504015,0.6832
Rv1822,pgsA2,0.08413609196570361,0.957
Rv2872,vapC43,0.08427222648763946,0.8587
Rv3755c,,0.08452871275541936,0.7587
Rv1850,ureC,0.08459115165195003,0.427
Rv2925c,rnc,0.08487687307365341,0.7741
Rv3729,,0.08525794795197392,0.9614
Rv0497,,0.08592679083044714,0.9225
Rv0328,,0.0863613193294897,0.5068
Rv2047c,,0.08675710776705911,0.8225
Rv0764c,cyp51,0.08741495157673776,0.4546
Rv1407,fmu,0.08881214061926115,0.2006
Rv3102c,ftsE,0.08890489190299447,0.9932
Rv0768,aldA,0.08958912169189989,0.482
Rv0169,mce1A,0.09050215480864662,0.9493
Rv3389c,htdY,0.09108680650495517,0.8317
Rv3816c,,0.09157847688229195,0.7239
Rv2588c,yajC,0.09159141240702076,0.7963
Rv3536c,hsaE,0.09170472341553071,0.318
Rv0313,,0.09183882150003647,0.6117
Rv0479c,,0.09351815617304808,0.8687
Rv0480c,,0.0940408548505899,0.486
Rv2115c,mpa,0.09422900779851008,0.6822
Rv0334,rmlA,0.09447309798619896,0.7056
Rv2658c,,0.09534859380060565,0.7825
Rv1023,eno,0.09572021568181786,0.7813
Rv2847c,cysG,0.09650636961771572,0.3985
Rv0807,,0.09669999004738716,0.3811
Rv2921c,ftsY,0.09694629588325124,0.8479
Rv3868,eccA1,0.0969937593523131,0.0686
Rv2326c,,0.09787612613378192,0.7372
Rv2776c,,0.0990799732902913,0.9254
Rv0153c,ptbB,0.09933851721463195,0.2496
Rv0724,sppA,0.09978039031340183,0.3394
Rv0484c,,0.10058004459696462,0.4657
Rv1874,,0.10083372406070945,0.6032
Rv2575,,0.10097760084541195,0.9802
Rv1546,,0.10108376687861714,0.3658
Rv0554,bpoC,0.10117734703602352,0.5096
Rv2747,argA,0.10222239051118426,0.538
Rv2552c,aroE,0.10251642798673902,0.4232
Rv0821c,phoY2,0.10255636333315289,0.6505
Rv3837c,,0.10299770347718419,0.5771
Rv1238,sugC,0.1033877973591248,0.5296
Rv0123,,0.10393586494710849,0.9196
Rv1932,tpx,0.10421784809726854,0.735
Rv3852,hns,0.10468326770121304,0.9929
Rv1691,,0.10521813092476949,0.9919
Rv2716,,0.10522331842598477,0.4253
Rv3025c,iscS,0.10540399460482251,0.9436
Rv0899,arfA,0.10544792947511177,0.8035
Rv1882c,,0.10625345212682379,0.99
Rv1526c,,0.10632433786130412,0.8192
Rv2613c,,0.1063955439620741,0.4363
Rv3029c,fixA,0.10717044285157831,0.5959
Rv2005c,,0.10854006108132389,0.5529
Rv1825,,0.10855620399855126,0.8637
Rv0392c,ndhA,0.10877794538007528,0.7345
Rv0667,rpoB,0.10879039655823601,0.2444
Rv1257c,,0.10925617358041101,0.7352
Rv0247c,,0.11034753508228841,0.8077
Rv0412c,,0.11091631943831932,0.8234
Rv0991c,,0.11131876951378668,0.523
Rv3419c,gcp,0.11151809839053695,0.4911
Rv2564,glnQ,0.11229371560772324,0.3721
Rv3039c,echA17,0.112802026327438,0.0839
Rv0972c,fadE12,0.11302739577507041,0.9326
Rv1536,ileS,0.11355811914120525,0.298
Rv3525c,,0.11415704430243319,0.3891
Rv0180c,,0.11425930842094528,0.7917
Rv1817,,0.11433031228860732,0.4883
Rv1698,mctB,0.11503783132097051,0.8936
Rv3210c,,0.11565519283948984,0.3597
Rv1225c,,0.11578821756597976,0.7259
Rv2934,ppsD,0.1161030026468183,0.9056
Rv1144,,0.11622051981671207,0.4605
Rv0380c,,0.11624401747653086,0.4393
Rv0751c,mmsB,0.11675627427654875,0.5919
Rv2131c,cysQ,0.11712962126911498,0.2075
Rv1340,rphA,0.11766388382308446,0.3035
Rv2622,,0.11770041430280084,0.3718
Rv3320c,vapC44,0.1177301760671397,0.6731
Rv0758,phoR,0.11877303863874565,0.8272
Rv0802c,,0.1189594708593204,0.7462
Rv1334,mec,0.11981214052122716,0.4641
Rv3161c,,0.12000046262724845,0.7271
Rv0702,rplD,0.12075575419006462,0.6167
Rv2033c,,0.12160158516150138,0.6971
Rv3365c,,0.1217938230559709,0.8857
Rv1070c,echA8,0.12185961283752093,0.2045
Rv0248c,,0.12228037284073538,0.3264
Rv2257c,,0.12286598478423373,0.3705
Rv2525c,,0.1235062488007152,0.5534
Rv2188c,pimB,0.12387642414099434,0.6738
Rv0052,,0.12402484858683832,0.6726
Rv3520c,,0.12409331803093585,0.7674
Rv1287,,0.1254199596669901,0.5343
Rv0332,,0.1254734516608402,0.2964
Rv1311,atpC,0.125480036234645,0.6202
Rv2060,,0.1256391977500022,0.7906
Rv2563,,0.1256391977500022,0.7906
Rv0227c,,0.12671413262297374,0.8201
Rv2264c,,0.126783463387818,0.691
Rv1088a,,0.126783463387818,0.691
Rv0072,,0.12690699753088328,0.807
Rv0240,vapC24,0.12721174649257286,0.3755
Rv0391,metZ,0.12740808628702202,0.135
Rv1568,bioA,0.12743136752180184,0.5572
Rv3366,spoU,0.1275433311403419,0.5599
Rv1339,,0.12759906474925645,0.2835
Rv2142c,parE2,0.1277096545338236,0.2329
Rv3322c,,0.12815519094655203,0.5818
Rv1561,vapC11,0.12843424404752,0.3405
Rv1162,narH,0.13071402757191683,0.5904
Rv1056,,0.13082800002209977,0.4095
Rv0312,,0.13138919517586525,0.8154
Rv0170,mce1B,0.13172073689590397,0.9638
Rv0043c,,0.13260108933764655,0.7652
Rv2050,,0.1329017562293813,0.7472
Rv1475c,acn,0.13327971137688047,0.2593
Rv3600c,,0.13353014648039555,0.3522
Rv0492c,,0.13472314433072952,0.7794
Rv1483,fabG1,0.13483672932982932,0.2082
Rv0482,murB,0.1359555643384686,0.5114
Rv3010c,pfkA,0.1369483425680839,0.6418
Rv1808,PPE32,0.1375652076102822,0.4347
Rv3850,,0.13932175839635008,0.9527
Rv0712,,0.13948312757760484,0.2341
Rv2130c,mshC,0.13987402865833806,0.7482
Rv0483,lprQ,0.140064215320977,0.6603
Rv3646c,topA,0.14016352215286385,0.0235
Rv1021,,0.14060659530657887,0.6328
Rv0681,,0.14155130437335048,0.3461
Rv1654,argB,0.14164951636596293,0.6285
Rv3557c,,0.14290162470424914,0.6991
Rv1249c,,0.14365566551072234,0.7234
Rv1855c,,0.14371619481320017,0.4429
Rv0178,,0.14641326027237597,0.7566
Rv2035,,0.14684857437573576,0.4141
Rv3436c,glmS,0.14709572142368568,0.1044
Rv2935,ppsE,0.14819758413583733,0.3811
Rv0512,hemB,0.14824588906891312,0.4475
Rv3910,,0.14840791530101483,0.7023
Rv3691,,0.14868365069776812,0.6577
Rv2486,echA14,0.14879060575135658,0.2227
Rv3279c,birA,0.14885839182508948,0.3811
Rv0723,rplO,0.14956755100230884,0.6011
Rv1829,,0.15048918139416018,0.5323
Rv0389,purT,0.15179459643754833,0.3596
Rv1455,,0.15200105947344783,0.3894
Rv2473,,0.15267552560903835,0.8255
Rv3865,espF,0.1531807717022417,0.5979
Rv1439c,,0.15510782126224373,0.7343
Rv2955c,,0.1558593160856352,0.6137
Rv0859,,0.15588474879440387,0.6295
Rv2182c,,0.1559115183103347,0.8488
Rv0066c,icd2,0.15593538134583065,0.0851
Rv3768,,0.15653039522940276,0.9393
Rv2838c,rbfA,0.15705849006113,0.4475
Rv2453c,mobA,0.15824189584188453,0.5297
Rv3625c,mesJ,0.15825197417234324,0.3402
Rv2219,,0.1582729480274079,0.7306
Rv2313c,,0.15842172734221233,0.4684
Rv0954,,0.15912854843586505,0.5966
Rv1676,,0.16045290349708344,0.6048
Rv1821,secA2,0.16047639753543105,0.2109
Rv2413c,,0.16155912709506595,0.3615
Rv3463,,0.1624212619053576,0.2594
Rv0414c,thiE,0.16375361355247214,0.348
Rv3777,,0.16507621567555125,0.5219
Rv3626c,,0.16778783660424731,0.5395
Rv2567,,0.16812130381789048,0.1566
Rv0537c,,0.16944827205870594,0.5128
Rv1364c,,0.1697191353252938,0.0705
Rv0294,tam,0.16995776123346984,0.3016
Rv0250c,,0.1700406807945675,0.6133
Rv3538,,0.17019604495863414,0.2212
Rv1576c,,0.17041145072059505,0.2658
Rv2092c,helY,0.17110330845588956,0.0936
Rv3854c,ethA,0.17111385173307544,0.1901
Rv0641,rplA,0.17144809415390408,0.2101
Rv1392,metK,0.1719633614317085,0.3574
Rv3702c,egtC,0.17239539726746386,0.386
Rv0208c,,0.17325305162167112,0.2707
Rv1835c,,0.17384288872435613,0.4593
Rv3030,,0.1738685036751019,0.424
Rv1875,,0.1741525934549601,0.3294
Rv0018c,pstP,0.1743619258954108,0.2852
Rv2016,,0.17584687321403794,0.9562
Rv1780,,0.17657645414978043,0.2935
Rv3894c,eccC2,0.1768816826745102,0.8109
Rv0145,,0.17730462947316866,0.6864
Rv2964,purU,0.17793752588100958,0.2618
Rv0238,,0.1788579444868345,0.1839
Rv2109c,prcA,0.1790515542295062,0.1841
Rv2590,fadD9,0.17908796085633533,0.2957
Rv2195,qcrA,0.17915188662761564,0.691
Rv1497,lipL,0.179341555782083,0.4497
Rv3400,,0.17988767763066127,0.0684
Rv0586,mce2R,0.18007397055521226,0.2802
Rv3304,,0.18088016918555896,0.4276
Rv0632c,echA3,0.18228708179255781,0.3603
Rv0244c,fadE5,0.18280608975965457,0.5595
Rv1640c,lysX,0.18351659998335024,0.5445
Rv0683,rpsG,0.18421822971017227,0.3096
Rv2540c,aroF,0.18442212920062534,0.5972
Rv2586c,secF,0.18482896129456497,0.5305
Rv1868,,0.18536818772114594,0.4194
Rv1685c,,0.18644485149473292,0.6538
Rv3606c,folK,0.18738090025232468,0.2366
Rv3886c,mycP2,0.18745733317265165,0.6475
Rv3197,,0.18745819062924188,0.5769
Rv1408,rpe,0.18780315514751955,0.0905
Rv0406c,,0.18846244510348875,0.3851
Rv1643,rplT,0.18851569143018534,0.4224
Rv0709,rpmC,0.18873173932442586,0.2639
Rv2783c,gpsI,0.18875664222265376,0.0789
Rv0136,cyp138,0.18978808664233174,0.2292
Rv3883c,mycP1,0.1909398444700383,0.9484
Rv2110c,prcB,0.19160815037314605,0.1563
Rv3703c,etgB,0.19233950358790866,0.4309
Rv1484,inhA,0.19300878563284404,0.3469
Rv0164,TB18.5,0.19319712580769832,0.6366
Rv1223,htrA,0.19327048093184696,0.5871
Rv0713,,0.1933314430927594,0.7179
Rv3409c,choD,0.19396922523546561,0.5592
Rv1060,,0.1943600839323337,0.5657
Rv3806c,ubiA,0.1943673010811482,0.7745
Rv0854,,0.19532099052684695,0.4072
Rv0481c,,0.19555728564485775,0.5106
Rv3699,,0.19605955458580188,0.0956
Rv0385,,0.1960911335755744,0.451
Rv1410c,,0.19620610061208507,0.5218
Rv3596c,clpC1,0.19657252865317923,0.077
Rv1406,fmt,0.19709222234854637,0.3875
Rv1332,,0.19967409083281445,0.197
Rv3869,eccB1,0.20102228007621314,0.9555
Rv2587c,secD,0.20137726830298874,0.5671
Rv2018,,0.20203736189993798,0.2618
Rv3268,,0.20251224462114098,0.1748
Rv2903c,lepB,0.2058644360893528,0.5596
Rv1265,,0.2058729447825887,0.2945
Rv2744c,35kd_ag,0.20599415317852277,0.3224
Rv2166c,,0.20674642233157492,0.828
Rv1467c,fadE15,0.2075305437914503,0.1613
Rv0007,,0.20930965692034073,0.659
Rv2683,,0.20932691595478198,0.3454
Rv0241c,htdX,0.20943646102943528,0.6026
Rv0466,,0.21020072634648596,0.1514
Rv0383c,,0.21058851703371834,0.6528
Rv0187,,0.21198668503813953,0.3577
Rv3627c,,0.21282282290100124,0.4346
Rv0646c,lipG,0.21283068616111492,0.3423
Rv0429c,def,0.21307648147263306,0.0601
Rv2184c,,0.2134381848939851,0.5396
Rv2572c,aspS,0.21739015249789503,0.118
Rv2534c,efp,0.21900729073719785,0.4158
Rv3877,eccD1,0.22089702808976133,0.5823
Rv2699c,,0.22306438480472643,0.4101
Rv3160c,,0.22378787000789857,0.1786
Rv3902c,,0.22408048967366392,0.3672
Rv0583c,lpqN,0.22471861753680789,0.6351
Rv2801c,mazF9,0.22493977036517895,0.1774
Rv3510c,,0.22681090870174445,0.2735
Rv3054c,,0.22701309045859966,0.0983
Rv2983,,0.22903480839620016,0.5112
Rv2226,,0.22928187608043663,0.088
Rv2234,ptpA,0.2305602708301538,0.8582
Rv2091c,,0.23063864690989896,0.5597
Rv0652,rplL,0.2306706616146843,0.3517
Rv3682,ponA2,0.2308690880087194,0.6764
Rv0475,hbhA,0.23120446893455918,0.1648
Rv0410c,pknG,0.231286923977658,0.4004
Rv0041,leuS,0.23173762470873707,0.1178
Rv3688c,,0.23243652607225862,0.5016
Rv3244c,lpqB,0.23357691282722506,0.402
Rv0134,ephF,0.23464550038085275,0.3517
Rv0078A,,0.234652633091516,0.1078
Rv0932c,pstS2,0.2350129252685757,0.6121
Rv3838c,pheA,0.23558667757246132,0.2023
Rv2179c,,0.23596507064224906,0.5803
Rv2555c,alaS,0.23747453615949338,0.2204
Rv3055,,0.23759681714126843,0.403
Rv1280c,oppA,0.23761520617156173,0.5662
Rv0786c,,0.23831858069790363,0.5465
Rv0563,htpX,0.23904871660101668,0.4978
Rv3759c,proX,0.24032540472711547,0.3979
Rv2403c,lppR,0.24042090173952163,0.5608
Rv2533c,nusB,0.2413333790845894,0.2581
Rv1603,hisA,0.2432187878221256,0.3269
Rv0817c,,0.24375340350017086,0.3594
Rv1006,,0.24480974402028183,0.4572
Rv0830,,0.245653088439189,0.2434
Rv0020c,fhaA,0.24588537786161316,0.3115
Rv2536,,0.24624947090473634,0.4056
Rv1165,typA,0.24647212452076636,0.2295
Rv0907,,0.24651451363016655,0.4095
Rv0054,ssb,0.24655068237011896,0.0122
Rv1122,gnd2,0.24693574367523466,0.3234
Rv0154c,fadE2,0.25076632204410293,0.4251
Rv1488,,0.25311418995256074,0.3657
Rv0126,treS,0.253666908622681,0.1345
Rv3618,,0.2540738208562782,0.5668
Rv0934,pstS1,0.25437096563347805,0.2894
Rv0338c,,0.2559883158027332,0.6184
Rv3095,,0.2560397667659649,0.1025
Rv2606c,snzP,0.2573518535872851,0.1368
Rv0539,,0.2584411562061501,0.5442
Rv0678,,0.2585897035318634,0.2017
Rv2740,ephG,0.2590761739458766,0.5171
Rv0478,deoC,0.2597309245288092,0.2324
Rv3870,eccCa1,0.2598095426475684,0.5596
Rv1390,rpoZ,0.26185653527641806,0.5001
Rv2614A,,0.2631104425925581,0.0113
Rv1438,tpi,0.2631104425925581,0.0113
Rv2460c,clpP2,0.2648519828700448,0.4394
Rv0798c,cfp29,0.2685432499526886,0.1445
Rv3443c,rplM,0.2688372504642953,0.4893
Rv1170,mshB,0.27275240504318965,0.3389
Rv2582,ppiB,0.27300096774860655,0.5994
Rv1220c,,0.27393927799277457,0.1708
Rv3583c,,0.2740584166703847,0.1807
Rv3193c,,0.27415230642231525,0.3288
Rv2232,ptkA,0.2751627921167524,0.1697
Rv0687,,0.27694207222270745,0.1604
Rv1155,,0.2778988678132423,0.0854
Rv3584,lpqE,0.2783060397669843,0.516
Rv2946c,pks1,0.27871924597659015,0.3052
Rv3100c,smpB,0.27957217796607137,0.2526
Rv0981,mprA,0.28055565002689337,0.3683
Rv1278,,0.2807586165523112,0.0826
Rv3368c,,0.28259063425281084,0.3184
Rv2149c,yfiH,0.2828678356373803,0.1574
Rv1404,,0.28449473142225773,0.1519
Rv2148c,,0.2850744760259077,0.2562
Rv1275,lprC,0.2860779165160807,0.5332
Rv2675c,,0.2860903318308985,0.0259
Rv3717,,0.28627742174599174,0.5391
Rv1281c,oppD,0.2863714104649474,0.4874
Rv3793,embC,0.28733205347875534,0.4463
Rv0510,hemC,0.2877665125799672,0.1051
Rv1345,mbtM,0.28795304206457567,0.2053
Rv1797,eccE5,0.28835410185318405,0.3883
Rv3645,,0.2891947633054755,0.3092
Rv1566c,,0.289865475573334,0.3251
Rv2695,,0.2909699998657105,0.0265
Rv0350,dnaK,0.2918856886658275,0.1432
Rv3285,accA3,0.2924326493462234,0.0762
Rv3544c,fadE28,0.29401447425406807,0.1672
Rv1013,pks16,0.2952212405438711,0.1442
Rv3278c,,0.29615521522470845,0.5279
Rv0464c,,0.2969485841672404,0.3261
Rv3203,lipV,0.2975887323047252,0.1524
Rv2922A,acyP,0.3001995160048999,0.0472
Rv1598c,,0.30100437285683207,0.2094
Rv1166,lpqW,0.3020238997195271,0.578
Rv3588c,canB,0.30546640466747815,0.1342
Rv3866,espG1,0.30610088851007594,0.4677
Rv3607c,folB,0.30790158403952855,0.0321
Rv3061c,fadE22,0.30946510784268083,0.0324
Rv3493c,,0.30949572354047133,0.7838
Rv2215,dlaT,0.3104072793440112,0.0637
Rv0794c,,0.3106683529337775,0.044
Rv0960,vapC9,0.3120011001122891,0.7119
Rv3456c,rplQ,0.3127316981780738,0.4629
Rv3006,lppZ,0.3127691987870912,0.4107
Rv3518c,cyp142,0.31310797922328504,0.21
Rv2054,,0.3144940636981915,0.2738
Rv0421c,,0.31476287239944656,0.08
Rv3050c,,0.314934891466396,0.1373
Rv3882c,eccE1,0.3158280756313144,0.5162
Rv1677,dsbF,0.31597647922807426,0.9302
Rv2295,,0.3160329732191016,0.3914
Rv0351,grpE,0.3177324714381866,0.1303
Rv0051,,0.3183233532522172,0.3651
Rv1687c,,0.32052338448349754,0.3441
Rv2114,,0.32122697516122095,0.0181
Rv0229c,,0.32132719048197617,0.3628
Rv2959c,,0.32165515495622093,0.3511
Rv0769,,0.3247608943581943,0.1257
Rv1341,,0.32498729564293216,0.0435
Rv2603c,,0.3257302506682206,0.1954
Rv0363c,fba,0.3267953065978931,0.0361
Rv2119,,0.32743421968656694,0.2424
Rv1436,gap,0.3277464519280692,0.1918
Rv1159A,,0.3289956412424839,0.0854
Rv0684,fusA1,0.32911909058002925,0.0441
Rv1596,nadC,0.3294377393764523,0.1868
Rv0958,,0.32984216127950267,0.2569
Rv0686,,0.3299291674689614,0.3703
Rv1527c,pks5,0.33133911786995135,0.0797
Rv0249c,,0.33164723994890727,0.5126
Rv1016c,lpqT,0.33479133447357573,0.3627
Rv2948c,fadD22,0.3374319129745169,0.3278
Rv0733,adk,0.33894307115115285,0.1588
Rv0860,fadB,0.33916537188511847,0.1056
Rv2990c,,0.3398295979113856,0.0048
Rv0604,lpqO,0.3415451266598948,0.6965
Rv2721c,,0.3415560996665548,0.4637
Rv1608c,bcpB,0.34426312528268527,0.1177
Rv2969c,,0.34444206831257995,0.3801
Rv1471,trxB1,0.344737977795446,0.1531
Rv2196,qcrB,0.3449912331666658,0.326
Rv0207c,,0.3452760215638418,0.1356
Rv2384,mbtA,0.3457731866357671,0.1533
Rv3779,,0.34696267593977764,0.2252
Rv0382c,pyrE,0.34724309167394335,0.3986
Rv2728c,,0.347350666672154,0.0109
Rv0048c,,0.34806667783750667,0.4017
Rv0866,moaE2,0.34884242198823634,0.3451
Rv2765,,0.3490292505937065,0.0434
Rv3763,lpqH,0.3497752349692987,0.6847
Rv3248c,sahH,0.3499206535097139,0.05
Rv0540,,0.35182814639937715,0.0965
Rv0905,echA6,0.3518315948962269,0.1184
Rv2176,pknL,0.3527749351259856,0.3415
Rv1628c,,0.3529062478049097,0.1196
Rv3547,ddn,0.35309694121486185,0.1664
Rv3093c,,0.3531339398267502,0.3119
Rv2200c,ctaC,0.3540198021820494,0.3832
Rv3713,cobQ2,0.3540386668169219,0.6079
Rv0211,pckA,0.3541885489784792,0.0781
Rv1377c,,0.3557599240454131,0.1264
Rv3273,,0.35695805072049647,0.2231
Rv1437,pgk,0.3581460974874123,0.1017
Rv0307c,,0.3591120223584309,0.3362
Rv3267,,0.3600040264951738,0.1533
Rv3043c,ctaD,0.36047979130722324,0.5006
Rv1465,,0.36132667408316405,0.1673
Rv2831,echA16,0.362538180760178,0.0711
Rv0580c,,0.36309659670168704,0.1226
Rv0290,eccD3,0.36390066723953973,0.3518
Rv3662c,,0.364956151008872,0.0594
Rv1347c,mbtK,0.36539810851179705,0.1588
Rv2171,lppM,0.36553637809185746,0.8077
Rv0200,,0.3660437903847576,0.668
Rv2672,,0.37028689142967725,0.3727
Rv1989c,,0.37207284626179293,0.3696
Rv1445c,devB,0.37207865631802034,0.0348
Rv2358,smtB,0.3730167611525621,0.2682
Rv0513,,0.3741852924963717,0.4047
Rv1479,moxR1,0.3758076408454023,0.142
Rv2203,,0.3764116002060612,0.4372
Rv3781,rfbE,0.37677037128114005,0.1485
Rv3716c,,0.3775193298838834,0.3133
Rv0417,thiG,0.37804832890887324,0.0475
Rv1914c,,0.3781560099024951,0.2322
Rv1283c,oppB,0.3789280590150083,0.4499
Rv3243c,,0.3790856251115005,0.3503
Rv2185c,TB16.3,0.3791461830065982,0.1038
Rv2855,mtr,0.38059269045342087,0.1024
Rv1448c,tal,0.3807831338609228,0.1328
Rv3066,,0.38317669147099404,0.0761
Rv3873,PPE68,0.38365923966661053,0.2912
Rv1614,lgt,0.38525271681793766,0.3753
Rv1819c,bacA,0.38666140764270424,0.3193
Rv2840c,,0.38899309733910575,0.5029
Rv3773c,,0.3891119193271185,0.2428
Rv2046,lppI,0.3902152584826387,0.3173
Rv0282,eccA3,0.39179139977861577,0.034
Rv1826,gcvH,0.39338338518926896,0.3344
Rv2882c,frr,0.39345423117506195,0.103
Rv3311,,0.3936597952548307,0.0099
Rv2790c,ltp1,0.39579944311199994,0.2123
Rv2224c,caeA,0.3972612651905176,0.3058
Rv0206c,mmpL3,0.3972657312625571,0.355
Rv0445c,sigK,0.3973709325446374,0.4934
Rv2939,papA5,0.3974944319947877,0.189
Rv1261c,,0.3999606929058796,0.2373
Rv2061c,,0.4011987810206439,0.19
Rv1783,eccC5,0.405402193606729,0.1548
Rv0984,moaB2,0.4054998742758672,0.0157
Rv3101c,ftsX,0.40634496777217766,0.5554
Rv1846c,blaI,0.40694691805720307,0.2618
Rv1192,,0.4079930565512202,0.0226
Rv1782,eccB5,0.4091211354246722,0.2171
Rv1843c,guaB1,0.4118698242265399,0.0607
Rv1856c,,0.41262884977588016,0.115
Rv3794,embA,0.4137293459703969,0.2358
Rv3247c,tmk,0.41514196934671593,0.0559
Rv0457c,,0.41560350565991816,0.0229
Rv2700,,0.41636282752687925,0.39
Rv0411c,glnH,0.4174822668913552,0.2463
Rv0283,eccB3,0.41963018052810475,0.2726
Rv2778c,,0.4214315963167595,0.1099
Rv2063A,mazF7,0.42243767946292604,0.2712
Rv2052c,,0.4226271239912855,0.1264
Rv2495c,bkdC,0.42400774299260935,0.1202
Rv3369,,0.42449060717713516,0.1993
Rv0526,,0.42732952241275557,0.341
Rv3530c,,0.427408238800198,0.4523
Rv3482c,,0.42903656524524025,0.3803
Rv2554c,,0.4311895454266556,0.054
Rv1607,chaA,0.4327824817412379,0.3228
Rv0975c,fadE13,0.43308510713947196,0.0487
Rv0138,,0.43347219099508505,0.0516
Rv1571,,0.4342524933547371,0.3194
Rv2461c,clpP1,0.4352342132656699,0.0524
Rv1306,atpF,0.4368217695446271,0.3692
Rv0314c,,0.4381843218114927,0.5434
Rv1014c,pth,0.43849841204977974,0.4813
Rv3765c,tcrX,0.4394849490057292,0.221
Rv2759c,vapC42,0.4422452889079243,0.3104
Rv0443,,0.44237347803469806,0.0316
Rv3920c,,0.44463101733279126,0.0163
Rv0999,,0.4452958856159741,0.441
Rv2239c,,0.4459065266258615,0.094
Rv3098A,,0.4500075756331166,0.0437
Rv0266c,oplA,0.4500075756331166,0.0437
Rv1481,,0.45299385906088163,0.0625
Rv3610c,ftsH,0.4535675786268609,0.0875
Rv2496c,bkdB,0.4546095375047353,0.2613
Rv0592,mce2D,0.45956620787311464,0.5655
Rv0311,,0.4614469539042387,0.2997
Rv1367c,,0.4649342917666739,0.2604
Rv0067c,,0.4655036079941851,0.2039
Rv1778c,,0.46983203648778765,0.0526
Rv3094c,,0.47010565132148063,0.1453
Rv1827,garA,0.4703237687669291,0.2338
Rv1111c,,0.47045665026476796,0.4711
Rv0056,rplI,0.4708756247854088,0.0533
Rv2120c,,0.47115388581761,0.1988
Rv0009,ppiA,0.48034031645883923,0.0281
Rv0738,,0.4821587623983649,0.0561
Rv1274,lprB,0.4836431863738366,0.05
Rv0384c,clpB,0.48536141469697336,0.0081
Rv1992c,ctpG,0.48941061177153633,0.103
Rv0677c,mmpS5,0.4938154314955766,0.2997
Rv2080,lppJ,0.49509770142105136,0.3689
Rv1836c,,0.49622630939073403,0.2513
Rv3795,embB,0.4967001152110222,0.18
Rv0835,lpqQ,0.4977131298560758,0.1732
Rv0566c,,0.5011570489601748,0.0167
Rv3764c,tcrY,0.5029192062491608,0.0741
Rv0577,TB27.3,0.5036297329630635,0.0225
Rv0432,sodC,0.5045411735552261,0.16
Rv0710,rpsQ,0.5053027180053914,0.0054
Rv2771c,,0.5090916278967164,0.2449
Rv0431,,0.5093920839177826,0.1343
Rv0245,,0.5093958353868234,0.0152
Rv0157,pntB,0.5098648087817197,0.1198
Rv2465c,rpiB,0.5138261182776204,0.0249
Rv2612c,pgsA1,0.5144796678327725,0.2826
Rv2942,mmpL7,0.5147701751261606,0.2694
Rv1795,eccD5,0.5160173291698339,0.078
Rv0711,atsA,0.5188527117159193,0.0062
Rv3483c,,0.5206655107823269,0.2188
Rv0016c,pbpA,0.5229098180504529,0.3462
Rv1301,,0.5247808237008802,0.0312
Rv3830c,,0.5251315085431516,0.1658
Rv2789c,fadE21,0.5266834277874768,0.1361
Rv3880c,espL,0.5270614278718906,0.0442
Rv3780,,0.5283931788363869,0.1081
Rv0292,eccE3,0.5340847916018455,0.2314
Rv1219c,,0.5381224577446797,0.0833
Rv3628,ppa,0.5391880382243244,0.0236
Rv1234,,0.5394403130549972,0.3447
Rv1991c,mazF6,0.5400692746315974,0.6927
Rv2650c,,0.5422186595748317,0.0026
Rv0451c,mmpS4,0.5422330964599626,0.8226
Rv0468,fadB2,0.5431594623266353,0.0752
Rv1636,TB15.3,0.5445259633602533,0.0857
Rv3921c,,0.5480281393634941,0.2723
Rv3678c,,0.5498180826404173,0.0253
Rv2497c,bkdA,0.550515117993202,0.1578
Rv3623,lpqG,0.5518218893228913,0.2804
Rv2743c,,0.5592498839601331,0.1108
Rv2383c,mbtB,0.5609923985009527,0.0678
Rv0973c,accA2,0.5626423265992231,0.0299
Rv3718c,,0.5647878927101208,0.0477
Rv3071,,0.5674658194340482,0.0497
Rv0146,,0.5705246169398459,0.0139
Rv0450c,mmpL4,0.575693645847572,0.22
Rv0202c,mmpL11,0.5776706170964158,0.2422
Rv0291,mycP3,0.5806580630789234,0.0819
Rv3888c,,0.5821078810906573,0.1387
Rv3914,trxC,0.5844244677507728,0.0882
Rv1080c,greA,0.586076308351968,0.0498
Rv2220,glnA1,0.5878717971829305,0.0026
Rv1222,rseA,0.5887949399812064,0.2201
Rv1045,,0.5988244222442451,0.0044
Rv2941,fadD28,0.6009091521171092,0.0116
Rv0047c,,0.6015527356129304,0.0066
Rv0133,,0.6030517511593644,0.0382
Rv0598c,vapC27,0.6038643981925319,0.2693
Rv0530,,0.6046141615492525,0.0428
Rv2949c,,0.6051382099007481,0.1787
Rv2909c,rpsP,0.6096688850153782,0.1128
Rv2616,,0.6096884761164452,0.0567
Rv1221,sigE,0.6104861334263864,0.1138
Rv3281,accE5,0.613766312929699,0.0002
Rv1025,,0.6162196997266319,0.048
Rv1109c,,0.6224659637028016,0.1765
Rv0974c,accD2,0.6227630975042396,0.025
Rv3133c,devR,0.6227793935502564,0.539
Rv2197c,,0.6287312855519197,0.4137
Rv3608c,folP1,0.6298135423945901,0.1221
Rv1477,ripA,0.6305036826384547,0.0458
Rv2373c,dnaJ2,0.6433126248141632,0.1555
Rv1447c,zwf2,0.6444351765208339,0.0064
Rv2883c,pyrH,0.6464936739471793,0.0137
Rv1897c,,0.6506703044191251,0.2273
Rv3104c,,0.6522459696148761,0.5765
Rv1218c,,0.6526629648544814,0.0189
Rv2145c,wag31,0.6588328073406884,0.1046
Rv0676c,mmpL5,0.6804907185027,0.1016
Rv1412,ribC,0.6912402402428837,0.0276
Rv1101c,,0.6924007031094535,0.4961
Rv2933,ppsC,0.6940344107482771,0.0283
Rv0638,secE1,0.6966007444752681,0.2427
Rv1346,mbtN,0.7085670718017364,0.1213
Rv2945c,lppX,0.709013207530702,0.0972
Rv2094c,tatA,0.7151098436109737,0.074
Rv0361,,0.7209714086279058,0.0385
Rv1592c,,0.7219210873836662,0.1285
Rv1854c,ndh,0.724919872843399,0.0294
Rv1748,,0.7270170103897308,0.0793
Rv3669,,0.7338027074079644,0.359
Rv2710,sigB,0.7383726665327075,0.0725
Rv1558,,0.7458611265084935,0.0172
Rv0284,eccC3,0.7473608471064853,0.0751
Rv3788,,0.7504785790015003,0.0262
Rv2464c,,0.7546390445348553,0.4266
Rv1762c,,0.7567704458610148,0.2071
Rv0971c,echA7,0.757843714601951,0.0173
Rv2372c,,0.7609214147998149,0.3692
Rv1890c,,0.7651216439653376,0.0702
Rv3864,espE,0.7764266286240427,0.0617
Rv1078,,0.7873900854745369,0.0596
Rv0316,,0.7895045681895054,0.0035
Rv2194,qcrC,0.7993153815007668,0.2305
Rv2940c,mas,0.8189158213310564,0.0234
Rv2172c,,0.8215479778787981,0.0307
Rv1411c,lprG,0.8246494806663069,0.0633
Rv2468c,,0.825728254099501,0.2821
Rv2527,vapC17,0.829664967039192,0.1103
Rv1446c,opcA,0.8370429420511996,0.0301
Rv0190,,0.8375685785682874,0.1044
Rv1899c,lppD,0.8484485939514123,0.0181
Rv1746,pknF,0.8526510675045194,0.15
Rv3802c,,0.8769360260520018,0.0758
Rv0008c,,0.9015238138352085,0.188
Rv2378c,mbtG,0.940841058750805,0.1399
Rv2913c,,0.9894500494248303,0.0772
Rv0078,,0.9901361497890092,0.1468
Rv2573,,0.994038549188739,0.3058
Rv2556c,,0.9943996208309405,0.1071
Rv0342,iniA,1.0038044318358414,0.0372
Rv1987,,1.0425423276920835,0.1847
Rv0343,iniC,1.060558154010129,0.0466
Rv3142c,,1.0904267976381259,0.078
Rv2932,ppsB,1.0906763013650413,0.0041
Rv2379c,mbtF,1.0974986688757558,0.0015
Rv1304,atpB,1.1012639352994902,0.0771
Rv2931,ppsA,1.1772574782761025,0.0066
Rv1216c,,1.1875886724702283,0.0623
Rv2930,fadD26,1.189059319088163,0.029
Rv3753c,,1.1999111862816871,0.0695
Rv1244,lpqZ,1.2157483002587004,0.0032
Rv3867,espH,1.228389863843395,0.0023
Rv1498A,,1.2372489907178168,0.0051
Rv2380c,mbtE,1.2421786170878995,0.0064
Rv0251c,hsp,1.2720547444330172,0.0663
Rv2256c,,1.3291985481658597,0.0165
Rv1129c,,1.406046141160212,0.0027
Rv2043c,pncA,1.4241937627201657,0.0601
Rv1209,,1.5015546998037073,0.0274
Rv1072,,1.5127879097910162,0.2343
Rv2429,ahpD,1.5354002158580116,0.0038
Rv2055c,rpsR2,1.568061252745944,0.2
Rv1466,,1.596866088034745,0.0284
Rv2775,,1.619245380228362,0.0412
Rv0968,,1.7209855452450715,0.0009
Rv0467,icl1,1.8207035714248845,0.0371
Rv0969,ctpV,1.834357285223355,0.0007
Rv3687c,rsfB,1.853273475757381,0.2574
Rv0280,PPE3,1.8639384636503016,0.1207
Rv0106,,1.991971236805209,0.0011
Rv0301,vapC2,2.1380688142774846,0.0001
Rv1131,prpC,2.3918557281614956,0.0406
Rv0967,csoR,2.444493904177135,0.0007
Rv1130,prpD,2.5710041281730156,0.0136
Rv0341,iniB,2.867066526634829,0.043
Rv2428,ahpC,3.0214122286550698,0.0098
Rv1487,,3.621845021923557,0.1265
